ID,Exercise_name,Fitness_category,Equipment,BodyPart,Target,Video_URL
1,점핑점핑해요,심폐지구력,목봉/사다리/줄/하프콘,전신,유아기,https://www.youtube.com/embed/KlDL8qiVZuA?cc_lang_pref=ko&cc_load_policy=1&autoplay=1
2,흔들어 체조,유연성,맨몸,전신,유아기,https://www.youtube.com/embed/bNGdUKkkg5Q?cc_lang_pref=ko&cc_load_policy=1&autoplay=1
3,인사 체조,근력/근지구력,맨몸,전신,유아기,https://www.youtube.com/embed/5bh6al9PrBY?cc_lang_pref=ko&cc_load_policy=1&autoplay=1
4,후굴자세 해봐요,유연성,보슈볼,전신,유아기,https://www.youtube.com/embed/UNNiQNukAmg?cc_lang_pref=ko&cc_load_policy=1&autoplay=1
5,줄넘기 해요,심폐지구력,줄,전신,유아기,https://www.youtube.com/embed/qUn3Yb0j0Ko?cc_lang_pref=ko&cc_load_policy=1&autoplay=1
6,힘차게 던져요,민첩성/순발력,공,전신,유아기,https://www.youtube.com/embed/sPiJjJw8zg4?cc_lang_pref=ko&cc_load_policy=1&autoplay=1
7,지그재그 달려요,민첩성/순발력,라바콘/공/맨몸,전신,유아기,https://www.youtube.com/embed/JFb1g2BVw1Q?cc_lang_pref=ko&cc_load_policy=1&autoplay=1
8,지게발 걸어요,평형성,막대/맨몸/하프콘,전신,유아기,https://www.youtube.com/embed/OCAEizGxsbA?cc_lang_pref=ko&cc_load_policy=1&autoplay=1
9,힘차게 맞춰요,민첩성/순발력,공/막대/목봉,전신,유아기,https://www.youtube.com/embed/epfZM_461MM?cc_lang_pref=ko&cc_load_policy=1&autoplay=1
10,후다닥 집어요,민첩성/순발력,공,상체,유아기,https://www.youtube.com/embed/EGZbme3XO1s?cc_lang_pref=ko&cc_load_policy=1&autoplay=1
11,조심조심 걸어요,평형성,공/막대/목봉/사다리/줄,전신,유아기,https://www.youtube.com/embed/gDKdCMYu7lM?cc_lang_pref=ko&cc_load_policy=1&autoplay=1
12,후다닥 붙여요,민첩성/순발력,공,전신,유아기,https://www.youtube.com/embed/6GaiMQ0RC00?cc_lang_pref=ko&cc_load_policy=1&autoplay=1
13,우리 모두 다같이,근력/근지구력,맨몸,전신,유아기,https://www.youtube.com/embed/p8LPwUDWpOI?cc_lang_pref=ko&cc_load_policy=1&autoplay=1
14,동물처럼 걸어요,근력/근지구력,맨몸,전신,유아기,https://www.youtube.com/embed/JwdlbUuMBpE?cc_lang_pref=ko&cc_load_policy=1&autoplay=1
15,꼬리를 떼어요,심폐지구력,라바콘/공/맨몸/스카프,전신,유아기,https://www.youtube.com/embed/VSkdVzQp3_Y?cc_lang_pref=ko&cc_load_policy=1&autoplay=1
16,소방훈련 해요,근력/근지구력,맨몸,전신,유아기,https://www.youtube.com/embed/efSpX08rOPc?cc_lang_pref=ko&cc_load_policy=1&autoplay=1
17,알을 낳아요,심폐지구력,공,전신,유아기,https://www.youtube.com/embed/FfGUlYOhMg0?cc_lang_pref=ko&cc_load_policy=1&autoplay=1
18,엉금엉금 기어요,근력/근지구력,라바콘/공/맨몸,상체,유아기,https://www.youtube.com/embed/mTqBxGSPyrQ?cc_lang_pref=ko&cc_load_policy=1&autoplay=1
19,밸런스 보드에 서요,평형성,보슈볼,전신,유아기,https://www.youtube.com/embed/bAlyDuF9BSE?cc_lang_pref=ko&cc_load_policy=1&autoplay=1
20,알록달록 공을 옮겨요,협응력,공,전신,유아기,https://www.youtube.com/embed/v5bZwdt5O6I?cc_lang_pref=ko&cc_load_policy=1&autoplay=1
21,낚시를 해요,협응력,막대/줄,상체,유아기,https://www.youtube.com/embed/Q4307KeeK2g?cc_lang_pref=ko&cc_load_policy=1&autoplay=1
22,밸런스 볼에 서요,평형성,보슈볼,전신,유아기,https://www.youtube.com/embed/-FG62V4U3ik?cc_lang_pref=ko&cc_load_policy=1&autoplay=1
23,분리배출 해요,협응력,공/막대,전신,유아기,https://www.youtube.com/embed/JATBe36n69I?cc_lang_pref=ko&cc_load_policy=1&autoplay=1
24,알록달록 붙여요,협응력,공/사다리/의자/줄,전신,유아기,https://www.youtube.com/embed/JCNEhRZ5aJ0?cc_lang_pref=ko&cc_load_policy=1&autoplay=1
25,계이름 치기,협응력,맨몸,전신,유소년,https://www.youtube.com/embed/RBkj5eAk8N0?cc_lang_pref=ko&cc_load_policy=1&autoplay=1
26,밴드를 당겨요,근력/근지구력,밴드,상체,유아기,https://www.youtube.com/embed/We_R8PO5jrk?cc_lang_pref=ko&cc_load_policy=1&autoplay=1
27,거북이 스트레칭,유연성,맨몸,전신,유아기,https://www.youtube.com/embed/H8zlxTkQ9lg?cc_lang_pref=ko&cc_load_policy=1&autoplay=1
28,윗몸 말며 공을 전달해요,근력/근지구력,공/맨몸,몸통,유아기,https://www.youtube.com/embed/C9GAO3Oy6z8?cc_lang_pref=ko&cc_load_policy=1&autoplay=1
29,영차영차 올라요,근력/근지구력,맨몸,전신,유아기,https://www.youtube.com/embed/9R5q1RuISgU?cc_lang_pref=ko&cc_load_policy=1&autoplay=1
30,공을 옮겨요(옆),협응력,공,전신,유아기,https://www.youtube.com/embed/B-EvmGDLOU8?cc_lang_pref=ko&cc_load_policy=1&autoplay=1
31,끌어요 당겨요,근력/근지구력,맨몸/밴드/사다리,몸통,유아기,https://www.youtube.com/embed/nrB8QZ3rgb0?cc_lang_pref=ko&cc_load_policy=1&autoplay=1
32,딩딩링을 끼워요,근력/근지구력,맨몸/밴드/줄/테이블,상체,유아기,https://www.youtube.com/embed/vZpUnllBHyI?cc_lang_pref=ko&cc_load_policy=1&autoplay=1
33,빌리보를 밀어요,근력/근지구력,맨몸/베개/보슈볼,전신,유아기,https://www.youtube.com/embed/g5bjIAgLr0o?cc_lang_pref=ko&cc_load_policy=1&autoplay=1
34,공 받고 던져요,협응력,공,전신,유아기,https://www.youtube.com/embed/5qsEowv7Kco?cc_lang_pref=ko&cc_load_policy=1&autoplay=1
35,공을 옮겨요(앞),협응력,공,전신,유아기,https://www.youtube.com/embed/zBBIu3eymPg?cc_lang_pref=ko&cc_load_policy=1&autoplay=1
36,뽁뽁이를 눌러요,협응력,맨몸/보슈볼,상체,유아기,https://www.youtube.com/embed/9rnRVkMoWtc?cc_lang_pref=ko&cc_load_policy=1&autoplay=1
37,반복 옆뛰기,민첩성/순발력,맨몸/줄/하프콘,전신,유소년,https://www.youtube.com/embed/4gw_K966RAM?cc_lang_pref=ko&cc_load_policy=1&autoplay=1
38,벽패스,협응력,공,전신,유소년,https://www.youtube.com/embed/beu4oIY1vjE?cc_lang_pref=ko&cc_load_policy=1&autoplay=1
39,십(十)자 드리블,협응력,라바콘/공,전신,유소년,https://www.youtube.com/embed/byRsrO8qhpg?cc_lang_pref=ko&cc_load_policy=1&autoplay=1
40,공 양손으로 주고 받기,협응력,공,전신,유소년,https://www.youtube.com/embed/wpRYvVFM-HA?cc_lang_pref=ko&cc_load_policy=1&autoplay=1
41,의자 잡고 반복 옆 뛰기,민첩성/순발력,맨몸/의자,전신,유소년,https://www.youtube.com/embed/hOgaVdOSwdw?cc_lang_pref=ko&cc_load_policy=1&autoplay=1
42,양 손 번갈아 공 튀기기,협응력,공,전신,유소년,https://www.youtube.com/embed/vffvCksMUfg?cc_lang_pref=ko&cc_load_policy=1&autoplay=1
43,라켓으로 공 치며 앞으로 가기,협응력,풍선/라켓,전신,유소년,https://www.youtube.com/embed/S8MFxWv9wg4?cc_lang_pref=ko&cc_load_policy=1&autoplay=1
44,공 위로 던지고 제자리 돌아 받기,협응력,공,전신,유소년,https://www.youtube.com/embed/m-ISbQftC2E?cc_lang_pref=ko&cc_load_policy=1&autoplay=1
45,무릎-허리 높이로 공 튀기기,협응력,공,전신,유소년,https://www.youtube.com/embed/z4ROS7dj1fA?cc_lang_pref=ko&cc_load_policy=1&autoplay=1
46,공 던져 색깔 맞추기,협응력,공,전신,유소년,https://www.youtube.com/embed/54fLPATKj50?cc_lang_pref=ko&cc_load_policy=1&autoplay=1
47,훌라후프로 공 끌고 가기,협응력,공/훌라후프,전신,유소년,https://www.youtube.com/embed/83Y-Fp_lbf4?cc_lang_pref=ko&cc_load_policy=1&autoplay=1
48,훌라후프하며 앞으로 가기,협응력,하프콘/훌라후프,전신,유소년,https://www.youtube.com/embed/LVgDNxRug0E?cc_lang_pref=ko&cc_load_policy=1&autoplay=1
49,2단 줄넘기,민첩성/순발력,맨몸/줄넘기,전신,유소년,https://www.youtube.com/embed/MgxsqDqM9AQ?cc_lang_pref=ko&cc_load_policy=1&autoplay=1
50,십(十)자 달리기,민첩성/순발력,맨몸/하프콘,전신,유소년,https://www.youtube.com/embed/k7nYGwru9qo?cc_lang_pref=ko&cc_load_policy=1&autoplay=1
51,점프해서 발바닥 치기,민첩성/순발력,맨몸,전신,유소년,https://www.youtube.com/embed/8KF6J_MMj7w?cc_lang_pref=ko&cc_load_policy=1&autoplay=1
52,제자리 멀리 뛰기,민첩성/순발력,맨몸,전신,유소년,https://www.youtube.com/embed/bbLthsYBQDI?cc_lang_pref=ko&cc_load_policy=1&autoplay=1
53,연속 무릎 올리기,민첩성/순발력,맨몸/의자/줄/하프콘,하체,유소년,https://www.youtube.com/embed/ca_bJSTNiNE?cc_lang_pref=ko&cc_load_policy=1&autoplay=1
54,대(大)자 점프 뛰기,민첩성/순발력,맨몸,전신,유소년,https://www.youtube.com/embed/LX1hy8AJYCE?cc_lang_pref=ko&cc_load_policy=1&autoplay=1
55,S자 달리기,민첩성/순발력,맨몸/하프콘,전신,유소년,https://www.youtube.com/embed/Fwp_dC6fY7U?cc_lang_pref=ko&cc_load_policy=1&autoplay=1
56,4방향 콘 찍고 달리기,민첩성/순발력,맨몸/하프콘,전신,유소년,https://www.youtube.com/embed/7BwpXiGOMjQ?cc_lang_pref=ko&cc_load_policy=1&autoplay=1
57,콘 뛰어넘기,민첩성/순발력,맨몸/하프콘,하체,유소년,https://www.youtube.com/embed/sx_cwgl6dGo?cc_lang_pref=ko&cc_load_policy=1&autoplay=1
58,점프해서 손 발끝 닿기,민첩성/순발력,맨몸,전신,유소년,https://www.youtube.com/embed/rkfDOMaPDfw?cc_lang_pref=ko&cc_load_policy=1&autoplay=1
59,점프하며 앞으로 나가기,민첩성/순발력,맨몸/하프콘,전신,유소년,https://www.youtube.com/embed/_ZoCIx54eeA?cc_lang_pref=ko&cc_load_policy=1&autoplay=1
60,50M 달리기,민첩성/순발력,맨몸,전신,유소년,https://www.youtube.com/embed/tVuErfFGLaE?cc_lang_pref=ko&cc_load_policy=1&autoplay=1
61,누워서 굽힌 다리 펴기,유연성,맨몸/밴드/수건/써클링,하체,유소년,https://www.youtube.com/embed/NCc6T_T7JJ8?cc_lang_pref=ko&cc_load_policy=1&autoplay=1
62,잔발치기,민첩성/순발력,맨몸,전신,유소년,https://www.youtube.com/embed/C75IYA85mnk?cc_lang_pref=ko&cc_load_policy=1&autoplay=1
63,벽잡고 빨리 뛰기,민첩성/순발력,맨몸,하체,유소년,https://www.youtube.com/embed/aNpV1R-dcRU?cc_lang_pref=ko&cc_load_policy=1&autoplay=1
64,한 발 뒤로 빼고 앞으로 굽히기,유연성,맨몸,하체,유소년,https://www.youtube.com/embed/ro5XgKye-4E?cc_lang_pref=ko&cc_load_policy=1&autoplay=1
65,엎드려 상체 들어올리기,유연성,맨몸,몸통,유소년,https://www.youtube.com/embed/UubzHdVpQjw?cc_lang_pref=ko&cc_load_policy=1&autoplay=1
66,다리 모아 뒤로 눕기,유연성,공/맨몸/써클휠,전신,유소년,https://www.youtube.com/embed/0hJraABwrQ4?cc_lang_pref=ko&cc_load_policy=1&autoplay=1
67,활 자세,유연성,맨몸/밴드/수건/써클링,전신,유소년,https://www.youtube.com/embed/roGAu693-os?cc_lang_pref=ko&cc_load_policy=1&autoplay=1
68,무릎 대고 상체 뒤로 젖히기,유연성,맨몸,상체,유소년,https://www.youtube.com/embed/fgTEpCT_qT0?cc_lang_pref=ko&cc_load_policy=1&autoplay=1
69,엎드려 어깨 늘리기,유연성,공/맨몸/써클휠,상체,유소년,https://www.youtube.com/embed/BsW63YITwXg?cc_lang_pref=ko&cc_load_policy=1&autoplay=1
70,엎드려 교차 발 잡아당기기,유연성,맨몸,하체,유소년,https://www.youtube.com/embed/k2umioC4dn0?cc_lang_pref=ko&cc_load_policy=1&autoplay=1
71,무릎 대고 옆으로 기울이기,유연성,막대/맨몸/밴드/써클링,몸통,유소년,https://www.youtube.com/embed/wp0vr0I8UEA?cc_lang_pref=ko&cc_load_policy=1&autoplay=1
72,팔 빨리 흔들기,민첩성/순발력,맨몸,상체,유소년,https://www.youtube.com/embed/ZUKM0wbqF4k?cc_lang_pref=ko&cc_load_policy=1&autoplay=1
73,다리 벌려 옆으로 상체 숙이기,유연성,맨몸,하체,유소년,https://www.youtube.com/embed/4Sh-l6LW2io?cc_lang_pref=ko&cc_load_policy=1&autoplay=1
74,다리 벌려 앞으로 상체 숙이기,유연성,맨몸,하체,유소년,https://www.youtube.com/embed/oPEXWcRANJA?cc_lang_pref=ko&cc_load_policy=1&autoplay=1
75,발목 얹고 다리 잡아당기기,유연성,맨몸,하체,유소년,https://www.youtube.com/embed/7lHtKJw7qTQ?cc_lang_pref=ko&cc_load_policy=1&autoplay=1
76,다리 모아 상체 숙이기,유연성,맨몸,하체,유소년,https://www.youtube.com/embed/UbdHMbDdlfI?cc_lang_pref=ko&cc_load_policy=1&autoplay=1
77,무릎 굽혀 가슴 닿기,유연성,맨몸,하체,유소년,https://www.youtube.com/embed/sWMuG_CdohI?cc_lang_pref=ko&cc_load_policy=1&autoplay=1
78,발바닥 마주대고 끌어당기기,유연성,맨몸,하체,유소년,https://www.youtube.com/embed/AG_1Tvtobko?cc_lang_pref=ko&cc_load_policy=1&autoplay=1
79,다리 굽혀(W자) 상체 뒤로 눕기,유연성,맨몸,전신,유소년,https://www.youtube.com/embed/8iOLRNEXF0Y?cc_lang_pref=ko&cc_load_policy=1&autoplay=1
80,앉아서 옆구리 늘려주기,유연성,맨몸,하체,유소년,https://www.youtube.com/embed/M95EiuTLuC4?cc_lang_pref=ko&cc_load_policy=1&autoplay=1
81,앉아서 한 발 앞으로 굽히기,유연성,맨몸/밴드,하체,유소년,https://www.youtube.com/embed/z1fguNdHKLM?cc_lang_pref=ko&cc_load_policy=1&autoplay=1
82,한 발 앞굽이 팔 위로 뻗어 가슴 내밀기,유연성,맨몸,상체,유소년,https://www.youtube.com/embed/MyWN4BooK7A?cc_lang_pref=ko&cc_load_policy=1&autoplay=1
83,앉아 윗몸 앞으로 굽히기,유연성,맨몸,하체,유소년,https://www.youtube.com/embed/DSzbj4FpZ_w?cc_lang_pref=ko&cc_load_policy=1&autoplay=1
84,다리 꼬아 상체 앞으로 숙이기,유연성,맨몸,하체,유소년,https://www.youtube.com/embed/xnDoF8SHosI?cc_lang_pref=ko&cc_load_policy=1&autoplay=1
85,1단 줄넘기,심폐지구력,줄넘기,전신,유소년,https://www.youtube.com/embed/7Rqc2MhfqKU?cc_lang_pref=ko&cc_load_policy=1&autoplay=1
86,계단 오르기,심폐지구력,맨몸/스텝박스/스텝퍼,전신,유소년,https://www.youtube.com/embed/fo1FlS41oig?cc_lang_pref=ko&cc_load_policy=1&autoplay=1
87,제자리 뛰기,심폐지구력,맨몸/밴드,전신,유소년,https://www.youtube.com/embed/uy1T5QNARJ4?cc_lang_pref=ko&cc_load_policy=1&autoplay=1
88,왕복달리기,심폐지구력,라바콘/공/맨몸,전신,유소년,https://www.youtube.com/embed/npkhsPgJKxc?cc_lang_pref=ko&cc_load_policy=1&autoplay=1
89,박스 옆으로 번갈아 뛰기,심폐지구력,맨몸/스텝박스,전신,유소년,https://www.youtube.com/embed/goxQEwmXISE?cc_lang_pref=ko&cc_load_policy=1&autoplay=1
90,한 발 무릎위 올려차기,심폐지구력,맨몸/스텝박스,전신,유소년,https://www.youtube.com/embed/NBpEWlVUiak?cc_lang_pref=ko&cc_load_policy=1&autoplay=1
91,박스 오르내리기,심폐지구력,맨몸/스텝박스,전신,유소년,https://www.youtube.com/embed/B_ZmgQ0r4G0?cc_lang_pref=ko&cc_load_policy=1&autoplay=1
92,엎드려 무릎 연속 차기,심폐지구력,맨몸,전신,유소년,https://www.youtube.com/embed/uOEDN5JKB_Y?cc_lang_pref=ko&cc_load_policy=1&autoplay=1
93,다리 모았다 벌려 뛰기,심폐지구력,맨몸/스텝박스,전신,유소년,https://www.youtube.com/embed/S0R0DfN9uF8?cc_lang_pref=ko&cc_load_policy=1&autoplay=1
94,허리 비틀어 앉았다 일어서기,근력/근지구력,공/맨몸,하체,유소년,https://www.youtube.com/embed/LXvXhGDda-c?cc_lang_pref=ko&cc_load_policy=1&autoplay=1
95,무릎 올려 공 닿기,근력/근지구력,공/맨몸,하체,유소년,https://www.youtube.com/embed/aJ2URWnaYzU?cc_lang_pref=ko&cc_load_policy=1&autoplay=1
96,밴드 잡고 다리 옆으로 벌리기,근력/근지구력,맨몸/밴드,하체,유소년,https://www.youtube.com/embed/WXatlRyvZNM?cc_lang_pref=ko&cc_load_policy=1&autoplay=1
97,다리 앞뒤로 벌려 굽혔다 펴기,근력/근지구력,맨몸,하체,유소년,https://www.youtube.com/embed/yn_JjLJaR4U?cc_lang_pref=ko&cc_load_policy=1&autoplay=1
98,발 뒤꿈치 들어올리기,근력/근지구력,맨몸/의자,하체,유소년,https://www.youtube.com/embed/KLp2eCPRc6Q?cc_lang_pref=ko&cc_load_policy=1&autoplay=1
99,옆으로 다리 뻗기,근력/근지구력,맨몸,하체,유소년,https://www.youtube.com/embed/W87D90EHUjI?cc_lang_pref=ko&cc_load_policy=1&autoplay=1
100,앞발 의자 올려 굽히기,근력/근지구력,맨몸/의자,하체,유소년,https://www.youtube.com/embed/3ofToKYGZX4?cc_lang_pref=ko&cc_load_policy=1&autoplay=1
101,의자에 앉아 다리 펴서 들어올리기,근력/근지구력,맨몸/밴드/의자,하체,유소년,https://www.youtube.com/embed/TeOzUtF_60o?cc_lang_pref=ko&cc_load_policy=1&autoplay=1
102,앞으로 나가며 앉았다 일어서기,근력/근지구력,맨몸/의자,하체,유소년,https://www.youtube.com/embed/trVV1QXctrk?cc_lang_pref=ko&cc_load_policy=1&autoplay=1
103,다리 옆으로 들어올리기,근력/근지구력,맨몸/의자,하체,유소년,https://www.youtube.com/embed/ZPeV_MD9ZlY?cc_lang_pref=ko&cc_load_policy=1&autoplay=1
104,앞발 들어올리기,근력/근지구력,맨몸/의자,하체,유소년,https://www.youtube.com/embed/Wpy4zo0O-eo?cc_lang_pref=ko&cc_load_policy=1&autoplay=1
105,교차 다리 굽히기,근력/근지구력,맨몸/물병,하체,유소년,https://www.youtube.com/embed/qg6l38ZHUpA?cc_lang_pref=ko&cc_load_policy=1&autoplay=1
106,뒷발 의자 올려 굽히기,근력/근지구력,맨몸/의자,하체,유소년,https://www.youtube.com/embed/pC-Klz76ZA8?cc_lang_pref=ko&cc_load_policy=1&autoplay=1
107,밴드 잡고 무릎펴기,근력/근지구력,맨몸/밴드,하체,유소년,https://www.youtube.com/embed/V3dy9zf-zeA?cc_lang_pref=ko&cc_load_policy=1&autoplay=1
108,밴드 한 발 뒤로 들기,근력/근지구력,맨몸/밴드/의자,하체,유소년,https://www.youtube.com/embed/96vKSCBl_WM?cc_lang_pref=ko&cc_load_policy=1&autoplay=1
109,앉았다 일어서기,근력/근지구력,공/의자,하체,유소년,https://www.youtube.com/embed/CZl5Th--uhQ?cc_lang_pref=ko&cc_load_policy=1&autoplay=1
110,엎드려 다리 들어올리기,근력/근지구력,맨몸,하체,유소년,https://www.youtube.com/embed/LFdPiGNtGvs?cc_lang_pref=ko&cc_load_policy=1&autoplay=1
111,옆으로 누워 다리 들어올리기,근력/근지구력,맨몸,하체,유소년,https://www.youtube.com/embed/39UIxnja2Mc?cc_lang_pref=ko&cc_load_policy=1&autoplay=1
112,팔로 써클링 누르기,근력/근지구력,공/써클링,상체,유소년,https://www.youtube.com/embed/08ZrHhPlqag?cc_lang_pref=ko&cc_load_policy=1&autoplay=1
113,V자 버티기,근력/근지구력,공/맨몸/써클링,몸통,유소년,https://www.youtube.com/embed/pgx7kHmOd08?cc_lang_pref=ko&cc_load_policy=1&autoplay=1
114,무릎 굽혀 엉덩이 들어올리기,근력/근지구력,맨몸,하체,유소년,https://www.youtube.com/embed/LNH-Gh5GB1k?cc_lang_pref=ko&cc_load_policy=1&autoplay=1
115,옆으로 누워 무릎 벌리기,근력/근지구력,맨몸,하체,유소년,https://www.youtube.com/embed/EH2tnm66bpY?cc_lang_pref=ko&cc_load_policy=1&autoplay=1
116,무릎 구부려 상체 비틀기,근력/근지구력,공/맨몸,몸통,유소년,https://www.youtube.com/embed/9RlA3_KeEIg?cc_lang_pref=ko&cc_load_policy=1&autoplay=1
117,밴드 앞으로 당기기,근력/근지구력,맨몸/밴드,상체,유소년,https://www.youtube.com/embed/jSyfdSN7348?cc_lang_pref=ko&cc_load_policy=1&autoplay=1
118,밴드 다리 올려 버티기,근력/근지구력,맨몸/밴드,몸통,유소년,https://www.youtube.com/embed/ATBODED9lpw?cc_lang_pref=ko&cc_load_policy=1&autoplay=1
119,공 잡고 상체 들어올리기,근력/근지구력,공,상체,유소년,https://www.youtube.com/embed/HxYEP4OxA6A?cc_lang_pref=ko&cc_load_policy=1&autoplay=1
120,써클휠로 다리 끌어당기기,근력/근지구력,공/맨몸/써클휠,몸통,유소년,https://www.youtube.com/embed/s9KC6DIT8DY?cc_lang_pref=ko&cc_load_policy=1&autoplay=1
121,윗몸말아올리기,근력/근지구력,맨몸/밴드,몸통,유소년,https://www.youtube.com/embed/Kyt-UTRiVnM?cc_lang_pref=ko&cc_load_policy=1&autoplay=1
122,엎드려 팔 대고 버티기,근력/근지구력,맨몸,몸통,유소년,https://www.youtube.com/embed/hfO4ZCt_DM4?cc_lang_pref=ko&cc_load_policy=1&autoplay=1
123,엎드려 무릎 당기기,근력/근지구력,맨몸,전신,유소년,https://www.youtube.com/embed/r-MKM8QOH_M?cc_lang_pref=ko&cc_load_policy=1&autoplay=1
124,머리 뒤로 깍지 끼고 상체 숙이기,근력/근지구력,맨몸,몸통,유소년,https://www.youtube.com/embed/Ei7tJWdISDA?cc_lang_pref=ko&cc_load_policy=1&autoplay=1
125,팔 구부려 등 모으기,근력/근지구력,맨몸,상체,유소년,https://www.youtube.com/embed/yKDmNLrGYQU?cc_lang_pref=ko&cc_load_policy=1&autoplay=1
126,앉아서 다리 펴서 들어올리기,근력/근지구력,맨몸,몸통,유소년,https://www.youtube.com/embed/8ko-zEe6QbU?cc_lang_pref=ko&cc_load_policy=1&autoplay=1
127,옆으로 팔 대고 버티기,근력/근지구력,맨몸,전신,유소년,https://www.youtube.com/embed/lVxep68_b-Y?cc_lang_pref=ko&cc_load_policy=1&autoplay=1
128,팔꿈치-무릎 교차 닿기,근력/근지구력,맨몸,몸통,유소년,https://www.youtube.com/embed/XBDKsUgPmiI?cc_lang_pref=ko&cc_load_policy=1&autoplay=1
129,앉아서 밴드 당기기,근력/근지구력,맨몸/밴드,상체,유소년,https://www.youtube.com/embed/xiIJzYConj0?cc_lang_pref=ko&cc_load_policy=1&autoplay=1
130,다리 올려 의자넘기,근력/근지구력,맨몸,몸통,유소년,https://www.youtube.com/embed/HA_gTzMAd9w?cc_lang_pref=ko&cc_load_policy=1&autoplay=1
131,누워서 다리 펴고 원 그리기,근력/근지구력,맨몸,몸통,유소년,https://www.youtube.com/embed/zI8DaA4G5lc?cc_lang_pref=ko&cc_load_policy=1&autoplay=1
132,밴드로 다리 들어 올려 버티기,근력/근지구력,맨몸/밴드,몸통,유소년,https://www.youtube.com/embed/xfCUGYGnOas?cc_lang_pref=ko&cc_load_policy=1&autoplay=1
133,팔굽혀펴기,근력/근지구력,맨몸,상체,유소년,https://www.youtube.com/embed/8iUa8b_j9QI?cc_lang_pref=ko&cc_load_policy=1&autoplay=1
134,슈퍼맨자세,근력/근지구력,맨몸,몸통,유소년,https://www.youtube.com/embed/4-OXSsCc7tE?cc_lang_pref=ko&cc_load_policy=1&autoplay=1
135,콘운동  루틴프로그램,민첩성/순발력,하프콘,하체,청소년,https://www.youtube.com/embed/3C-1-RnAkN4?cc_lang_pref=ko&cc_load_policy=1&autoplay=1
136,엎드려 팔로 걷기,근력/근지구력,맨몸,전신,유소년,https://www.youtube.com/embed/J8AH3hWBVME?cc_lang_pref=ko&cc_load_policy=1&autoplay=1
137,의자 잡고 팔 뒤로 굽히기,근력/근지구력,맨몸/의자,상체,유소년,https://www.youtube.com/embed/05Lk6_BvAmg?cc_lang_pref=ko&cc_load_policy=1&autoplay=1
138,밴드 어깨 뒤로 들어올리기,근력/근지구력,밴드,상체,유소년,https://www.youtube.com/embed/WRG6W36C7VU?cc_lang_pref=ko&cc_load_policy=1&autoplay=1
139,아령 뒤로 들어올리기,근력/근지구력,물병,상체,유소년,https://www.youtube.com/embed/qj3zLd6yHic?cc_lang_pref=ko&cc_load_policy=1&autoplay=1
140,밴드 앞 옆으로 들어올리기,근력/근지구력,맨몸/밴드,상체,유소년,https://www.youtube.com/embed/a8g7ZyPdGfc?cc_lang_pref=ko&cc_load_policy=1&autoplay=1
141,앉아서 엉덩이 들고 이동하기,근력/근지구력,맨몸,전신,유소년,https://www.youtube.com/embed/nIYbPqFNO4U?cc_lang_pref=ko&cc_load_policy=1&autoplay=1
142,아령 앞으로 들어올리기,근력/근지구력,물병,상체,유소년,https://www.youtube.com/embed/eKgfqbub0uE?cc_lang_pref=ko&cc_load_policy=1&autoplay=1
143,엎드려 상체 들어올리기,근력/근지구력,맨몸,상체,유소년,https://www.youtube.com/embed/NcMo93Lp2bs?cc_lang_pref=ko&cc_load_policy=1&autoplay=1
144,누워서 뒤로 팔굽혀펴기,근력/근지구력,맨몸,상체,유소년,https://www.youtube.com/embed/_QdRvkPQ-EE?cc_lang_pref=ko&cc_load_policy=1&autoplay=1
145,정적 스트레칭  루틴프로그램,유연성,맨몸,전신,청소년,https://www.youtube.com/embed/AjP1ntmtMQk?cc_lang_pref=ko&cc_load_policy=1&autoplay=1
146,동적 스트레칭 루틴프로그램,유연성,맨몸,전신,청소년,https://www.youtube.com/embed/wKxfDV7j44I?cc_lang_pref=ko&cc_load_policy=1&autoplay=1
147,맨몸운동  루틴프로그램,근력/근지구력,맨몸,전신,청소년,https://www.youtube.com/embed/8rYcSq4lF20?cc_lang_pref=ko&cc_load_policy=1&autoplay=1
148,요가 및 필라테스  루틴프로그램,유연성,맨몸,전신,청소년,https://www.youtube.com/embed/irR1kS8vUPs?cc_lang_pref=ko&cc_load_policy=1&autoplay=1
149,저항밴드 운동  루틴프로그램,근력/근지구력,밴드,전신,청소년,https://www.youtube.com/embed/BI-JCOyZb0o?cc_lang_pref=ko&cc_load_policy=1&autoplay=1
150,웨이트 트레이닝  루틴프로그램,근력/근지구력,웨이트기계,전신,청소년,https://www.youtube.com/embed/8Cy7A9VL5xI?cc_lang_pref=ko&cc_load_policy=1&autoplay=1
151,바운딩 운동  루틴프로그램,민첩성/순발력,맨몸,전신,청소년,https://www.youtube.com/embed/dbBOS6XEQcY?cc_lang_pref=ko&cc_load_policy=1&autoplay=1
152,메디신볼 운동  루틴프로그램,협응력,공,전신,청소년,https://www.youtube.com/embed/POn6_6uSNpw?cc_lang_pref=ko&cc_load_policy=1&autoplay=1
153,짝 스트레칭  루틴프로그램,유연성,맨몸,전신,청소년,https://www.youtube.com/embed/nzn5cX71hUM?cc_lang_pref=ko&cc_load_policy=1&autoplay=1
154,사다리 운동  루틴프로그램,민첩성/순발력,사다리,전신,청소년,https://www.youtube.com/embed/w-8hG1ecvXk?cc_lang_pref=ko&cc_load_policy=1&autoplay=1
155,박스 운동  루틴프로그램,민첩성/순발력,스텝박스,전신,청소년,https://www.youtube.com/embed/nmEo2qR-r70?cc_lang_pref=ko&cc_load_policy=1&autoplay=1
156,짐볼 운동  루틴프로그램,협응력,짐볼,전신,청소년,https://www.youtube.com/embed/EwprpXnHJwI?cc_lang_pref=ko&cc_load_policy=1&autoplay=1
157,양발 벌려 무릎 밀어내기,유연성,맨몸,하체,청소년,https://www.youtube.com/embed/UdZGUv4wlXY?cc_lang_pref=ko&cc_load_policy=1&autoplay=1
158,양발 교차하여 서서 몸통 숙이기,유연성,맨몸,하체,청소년,https://www.youtube.com/embed/bJtOZVdo5fc?cc_lang_pref=ko&cc_load_policy=1&autoplay=1
159,엎드려 상체 들어올리기,유연성,맨몸,몸통,청소년,https://www.youtube.com/embed/xn8QBBZdqF4?cc_lang_pref=ko&cc_load_policy=1&autoplay=1
160,온 몸 뻗어주기,유연성,맨몸,전신,청소년,https://www.youtube.com/embed/baeEwhAaAcw?cc_lang_pref=ko&cc_load_policy=1&autoplay=1
161,다리모아 무릎 누르기,유연성,맨몸,하체,청소년,https://www.youtube.com/embed/ETIxjvO9jIA?cc_lang_pref=ko&cc_load_policy=1&autoplay=1
162,누워 발목 당겨주기,유연성,맨몸,하체,청소년,https://www.youtube.com/embed/UJw4Ygz2Hv8?cc_lang_pref=ko&cc_load_policy=1&autoplay=1
163,서서 발목 뒤로 당기기,유연성,맨몸,하체,청소년,https://www.youtube.com/embed/RYn1twwWtqM?cc_lang_pref=ko&cc_load_policy=1&autoplay=1
164,서서 발목 누르기,유연성,맨몸,하체,청소년,https://www.youtube.com/embed/jq3VnBfOwoY?cc_lang_pref=ko&cc_load_policy=1&autoplay=1
165,의자에 앉아 옆구리 숙이기,유연성,의자,몸통,청소년,https://www.youtube.com/embed/oCC0g9Snqps?cc_lang_pref=ko&cc_load_policy=1&autoplay=1
166,무릎당겨 다리 올리기,유연성,맨몸,하체,청소년,https://www.youtube.com/embed/OaCKyOroRzQ?cc_lang_pref=ko&cc_load_policy=1&autoplay=1
167,다리뻗어 상체 숙이기,유연성,맨몸,하체,청소년,https://www.youtube.com/embed/9wnZBWk0nr8?cc_lang_pref=ko&cc_load_policy=1&autoplay=1
168,무릎 당겨올리기,유연성,의자,하체,청소년,https://www.youtube.com/embed/3thojLBe9OY?cc_lang_pref=ko&cc_load_policy=1&autoplay=1
169,몸통 스트레칭,유연성,맨몸,몸통,청소년,https://www.youtube.com/embed/P541qzMUzqI?cc_lang_pref=ko&cc_load_policy=1&autoplay=1
170,옆구리 스트레칭,유연성,맨몸,몸통,청소년,https://www.youtube.com/embed/pkjirZ3ZH0w?cc_lang_pref=ko&cc_load_policy=1&autoplay=1
171,척추 들어올리기,유연성,맨몸,몸통,청소년,https://www.youtube.com/embed/wlzouLNjZnc?cc_lang_pref=ko&cc_load_policy=1&autoplay=1
172,서서 한팔 들어 오른쪽 왼쪽 뻗기,유연성,맨몸,몸통,청소년,https://www.youtube.com/embed/Q2luEQI8n_g?cc_lang_pref=ko&cc_load_policy=1&autoplay=1
173,의자에 앉아 가슴 몸통 말아주기,유연성,의자,몸통,청소년,https://www.youtube.com/embed/u-4PKzw0gbk?cc_lang_pref=ko&cc_load_policy=1&autoplay=1
174,팔꿈치 머리 뒤로 젖히기,유연성,맨몸,상체,청소년,https://www.youtube.com/embed/P57sd08iiZg?cc_lang_pref=ko&cc_load_policy=1&autoplay=1
175,다리굽혀 허리 비틀기,유연성,맨몸,몸통,청소년,https://www.youtube.com/embed/T9DeIorl-UA?cc_lang_pref=ko&cc_load_policy=1&autoplay=1
176,목 당기기,유연성,맨몸,상체,청소년,https://www.youtube.com/embed/ekjrE3rt4wA?cc_lang_pref=ko&cc_load_policy=1&autoplay=1
177,깍지끼고 목 들어올리기,유연성,맨몸,상체,청소년,https://www.youtube.com/embed/ZHK8lJXGUaw?cc_lang_pref=ko&cc_load_policy=1&autoplay=1
178,의자에 앉아 몸통비틀기,유연성,의자,몸통,청소년,https://www.youtube.com/embed/nqvDfch6Nak?cc_lang_pref=ko&cc_load_policy=1&autoplay=1
179,한발들어 좌우 돌리기,유연성,맨몸,전신,청소년,https://www.youtube.com/embed/1cfaNDv7zxE?cc_lang_pref=ko&cc_load_policy=1&autoplay=1
180,의자에 앉아 가슴 뒤로 젖히기,유연성,의자,상체,청소년,https://www.youtube.com/embed/QURU9hZBpxY?cc_lang_pref=ko&cc_load_policy=1&autoplay=1
181,무릎굽혀 원 그리기,유연성,맨몸,하체,청소년,https://www.youtube.com/embed/D6K8cstq2vA?cc_lang_pref=ko&cc_load_policy=1&autoplay=1
182,전신 비틀며 전진하기,유연성,맨몸,전신,청소년,https://www.youtube.com/embed/ij_VejOk_qk?cc_lang_pref=ko&cc_load_policy=1&autoplay=1
183,허리숙여 양팔 돌리기,유연성,맨몸,상체,청소년,https://www.youtube.com/embed/E4JM5JyfUo0?cc_lang_pref=ko&cc_load_policy=1&autoplay=1
184,자세낮춰 이동하기,유연성,맨몸,하체,청소년,https://www.youtube.com/embed/JOiQ_4pKn10?cc_lang_pref=ko&cc_load_policy=1&autoplay=1
185,빠르게 무릎 올려 찍기,유연성,맨몸,하체,청소년,https://www.youtube.com/embed/TlbhGjLiVW8?cc_lang_pref=ko&cc_load_policy=1&autoplay=1
186,전진 점프하며 발바닥 찍기,유연성,맨몸,하체,청소년,https://www.youtube.com/embed/B-3vcZl8CEs?cc_lang_pref=ko&cc_load_policy=1&autoplay=1
187,전진 점프하며 발 뒤꿈치 찍기,유연성,맨몸,하체,청소년,https://www.youtube.com/embed/2-K0RagzhNA?cc_lang_pref=ko&cc_load_policy=1&autoplay=1
188,팔 돌리며 점프하기,유연성,맨몸,전신,청소년,https://www.youtube.com/embed/l3M5DazLqH4?cc_lang_pref=ko&cc_load_policy=1&autoplay=1
189,다리 들어올리기,유연성,맨몸,하체,청소년,https://www.youtube.com/embed/nvNF5RVOcF0?cc_lang_pref=ko&cc_load_policy=1&autoplay=1
190,네발 걷기,유연성,맨몸,전신,청소년,https://www.youtube.com/embed/YvYyEENTErI?cc_lang_pref=ko&cc_load_policy=1&autoplay=1
191,옆으로 팔 벌리며 점프하기,유연성,맨몸,전신,청소년,https://www.youtube.com/embed/li5_o-mrmY4?cc_lang_pref=ko&cc_load_policy=1&autoplay=1
192,다리벌려 풍차돌기,유연성,맨몸,전신,청소년,https://www.youtube.com/embed/kIZZ3-hb5I4?cc_lang_pref=ko&cc_load_policy=1&autoplay=1
193,팔꿈치 원 그리기,유연성,맨몸,상체,청소년,https://www.youtube.com/embed/aIrdUGoI32I?cc_lang_pref=ko&cc_load_policy=1&autoplay=1
194,목 돌리기,유연성,맨몸,상체,청소년,https://www.youtube.com/embed/-UCNGXY5n-k?cc_lang_pref=ko&cc_load_policy=1&autoplay=1
195,상체 앞으로 숙이기,유연성,맨몸,하체,청소년,https://www.youtube.com/embed/16kBnjtxKqA?cc_lang_pref=ko&cc_load_policy=1&autoplay=1
196,다리들어 옆으로 올리기,유연성,맨몸,하체,청소년,https://www.youtube.com/embed/ff6z_bS-75g?cc_lang_pref=ko&cc_load_policy=1&autoplay=1
197,무릎 들어올리기,유연성,맨몸,하체,청소년,https://www.youtube.com/embed/JZctdEOGJss?cc_lang_pref=ko&cc_load_policy=1&autoplay=1
198,앉아서 상체 앞 옆으로 기울기,유연성,맨몸,하체,청소년,https://www.youtube.com/embed/tgLv_XlFm90?cc_lang_pref=ko&cc_load_policy=1&autoplay=1
199,엉덩이 늘리기,유연성,맨몸,하체,청소년,https://www.youtube.com/embed/L4mQHcwZk1E?cc_lang_pref=ko&cc_load_policy=1&autoplay=1
200,한쪽 다리펴고 상체 숙이기,유연성,맨몸,하체,청소년,https://www.youtube.com/embed/VzTSZ5IR6T4?cc_lang_pref=ko&cc_load_policy=1&autoplay=1
201,마주보고 상체 좌우 비틀기,유연성,맨몸,몸통,청소년,https://www.youtube.com/embed/xY8usGtw0c4?cc_lang_pref=ko&cc_load_policy=1&autoplay=1
202,발등 동시에 늘리기,유연성,맨몸,하체,청소년,https://www.youtube.com/embed/Sb3tMyCv-LI?cc_lang_pref=ko&cc_load_policy=1&autoplay=1
203,웅크리고 앉아 손잡고 상체 숙이기,유연성,맨몸,상체,청소년,https://www.youtube.com/embed/3TVzVGyBYyQ?cc_lang_pref=ko&cc_load_policy=1&autoplay=1
204,마주보고 종아리 펴기,유연성,맨몸,하체,청소년,https://www.youtube.com/embed/KdMbFfuqKDo?cc_lang_pref=ko&cc_load_policy=1&autoplay=1
205,몸통 비틀기,유연성,맨몸,몸통,청소년,https://www.youtube.com/embed/lSqDCbT04_U?cc_lang_pref=ko&cc_load_policy=1&autoplay=1
206,팔 당기기,유연성,맨몸,상체,청소년,https://www.youtube.com/embed/gXUCHOXzDQA?cc_lang_pref=ko&cc_load_policy=1&autoplay=1
207,시소우,유연성,맨몸,전신,청소년,https://www.youtube.com/embed/bGoseV7XdYg?cc_lang_pref=ko&cc_load_policy=1&autoplay=1
208,나무자세,유연성,맨몸,전신,청소년,https://www.youtube.com/embed/o9rVEWJmw04?cc_lang_pref=ko&cc_load_policy=1&autoplay=1
209,겨드랑이 늘리기,유연성,맨몸,상체,청소년,https://www.youtube.com/embed/wDkTrB_vqhQ?cc_lang_pref=ko&cc_load_policy=1&autoplay=1
210,어깨 누르기,유연성,맨몸,상체,청소년,https://www.youtube.com/embed/Am7pXgHCeEc?cc_lang_pref=ko&cc_load_policy=1&autoplay=1
211,목 스트레칭,유연성,맨몸,상체,청소년,https://www.youtube.com/embed/J_AwzVFuq9Q?cc_lang_pref=ko&cc_load_policy=1&autoplay=1
212,측면 팔대고 버티기,유연성,맨몸,전신,청소년,https://www.youtube.com/embed/gcnHubO58_w?cc_lang_pref=ko&cc_load_policy=1&autoplay=1
213,레그 스윙,유연성,맨몸,하체,청소년,https://www.youtube.com/embed/SIBvVDXxgJE?cc_lang_pref=ko&cc_load_policy=1&autoplay=1
214,가슴 어깨 펴기,유연성,맨몸,상체,청소년,https://www.youtube.com/embed/x9pZHUdv3NI?cc_lang_pref=ko&cc_load_policy=1&autoplay=1
215,스타 투 니 풀,유연성,맨몸,하체,청소년,https://www.youtube.com/embed/2qLcXILOz8o?cc_lang_pref=ko&cc_load_policy=1&autoplay=1
216,나란히 서서 손잡고 끌어당기기,유연성,맨몸,전신,청소년,https://www.youtube.com/embed/MYL1mKEcENU?cc_lang_pref=ko&cc_load_policy=1&autoplay=1
217,전사자세,유연성,맨몸,전신,청소년,https://www.youtube.com/embed/9NFqY-70xG0?cc_lang_pref=ko&cc_load_policy=1&autoplay=1
218,합장하여 앞으로 숙이기,유연성,맨몸,전신,청소년,https://www.youtube.com/embed/h9VaKq1NgzA?cc_lang_pref=ko&cc_load_policy=1&autoplay=1
219,휴식자세,유연성,맨몸,전신,청소년,https://www.youtube.com/embed/fSBlJv9LtTo?cc_lang_pref=ko&cc_load_policy=1&autoplay=1
220,아기자세,유연성,맨몸,전신,청소년,https://www.youtube.com/embed/7SaM81FwOaM?cc_lang_pref=ko&cc_load_policy=1&autoplay=1
221,앉은 산 자세,유연성,맨몸,전신,청소년,https://www.youtube.com/embed/v9sTf7ZrVc?cc_lang_pref=ko&cc_load_policy=1&autoplay=1
222,소머리 자세,유연성,맨몸,전신,청소년,https://www.youtube.com/embed/OkP9Af1oi6Q?cc_lang_pref=ko&cc_load_policy=1&autoplay=1
223,전갈자세,유연성,맨몸,전신,청소년,https://www.youtube.com/embed/ew0FGfiNo7E?cc_lang_pref=ko&cc_load_policy=1&autoplay=1
224,회전 초승달 자세,유연성,맨몸,전신,청소년,https://www.youtube.com/embed/FaHlSUzemwE?cc_lang_pref=ko&cc_load_policy=1&autoplay=1
225,왜가리 자세,유연성,맨몸,전신,청소년,https://www.youtube.com/embed/E39duPLfufI?cc_lang_pref=ko&cc_load_policy=1&autoplay=1
226,결가부좌,유연성,맨몸,전신,청소년,https://www.youtube.com/embed/qN3SBclxZJI?cc_lang_pref=ko&cc_load_policy=1&autoplay=1
227,다리자세,유연성,맨몸,전신,청소년,https://www.youtube.com/embed/A0E7DRnQ_Q4?cc_lang_pref=ko&cc_load_policy=1&autoplay=1
228,모관운동,유연성,맨몸,전신,청소년,https://www.youtube.com/embed/HaMZOnbpNpg?cc_lang_pref=ko&cc_load_policy=1&autoplay=1
229,고양이 자세,유연성,맨몸,전신,청소년,https://www.youtube.com/embed/gMSjGShXau0?cc_lang_pref=ko&cc_load_policy=1&autoplay=1
230,복식호흡,유연성,맨몸,몸통,청소년,https://www.youtube.com/embed/mZTd06yXVT0?cc_lang_pref=ko&cc_load_policy=1&autoplay=1
231,나비자세,유연성,맨몸,하체,청소년,https://www.youtube.com/embed/JtYg2OKbNyY?cc_lang_pref=ko&cc_load_policy=1&autoplay=1
232,반달자세,유연성,맨몸,몸통,청소년,https://www.youtube.com/embed/jcIP1dSsFxY?cc_lang_pref=ko&cc_load_policy=1&autoplay=1
233,발목 돌리기,유연성,맨몸,하체,청소년,https://www.youtube.com/embed/sVESU0zsN8M?cc_lang_pref=ko&cc_load_policy=1&autoplay=1
234,발 끝 당기기,유연성,맨몸,하체,청소년,https://www.youtube.com/embed/njziTUqaACU?cc_lang_pref=ko&cc_load_policy=1&autoplay=1
235,런지하며 상체 비틀기,근력/근지구력,밴드,전신,청소년,https://www.youtube.com/embed/bOM-pdr24kE?cc_lang_pref=ko&cc_load_policy=1&autoplay=1
236,팔 들어 올리며 런지,근력/근지구력,밴드,전신,청소년,https://www.youtube.com/embed/vcsuFADyX5k?cc_lang_pref=ko&cc_load_policy=1&autoplay=1
237,앉았다 일어서며 팔 들어올리기,근력/근지구력,밴드,전신,청소년,https://www.youtube.com/embed/wwiseQa4ea4?cc_lang_pref=ko&cc_load_policy=1&autoplay=1
238,누워 한발 원 그리기,유연성,맨몸,하체,청소년,https://www.youtube.com/embed/YuaaitvaPTk?cc_lang_pref=ko&cc_load_policy=1&autoplay=1
239,물고기 자세,유연성,맨몸,몸통,청소년,https://www.youtube.com/embed/-FEkhKrOibI?cc_lang_pref=ko&cc_load_policy=1&autoplay=1
240,엎드려 한발 원 그리기,유연성,맨몸,하체,청소년,https://www.youtube.com/embed/V_QyTCcKpbY?cc_lang_pref=ko&cc_load_policy=1&autoplay=1
241,옆으로 굽히기,근력/근지구력,밴드,몸통,청소년,https://www.youtube.com/embed/jI_cfentmYY?cc_lang_pref=ko&cc_load_policy=1&autoplay=1
242,앉아서 무릎 굽히기,근력/근지구력,밴드,하체,청소년,https://www.youtube.com/embed/-L-MzlMAxFo?cc_lang_pref=ko&cc_load_policy=1&autoplay=1
243,팔꿈치 고정 후 벌리기,근력/근지구력,밴드,상체,청소년,https://www.youtube.com/embed/dke75bdV9F0?cc_lang_pref=ko&cc_load_policy=1&autoplay=1
244,한 발 들어올리기,근력/근지구력,밴드,하체,청소년,https://www.youtube.com/embed/Ikbt7w7SFwk?cc_lang_pref=ko&cc_load_policy=1&autoplay=1
245,양팔 크게 벌리기,근력/근지구력,밴드,상체,청소년,https://www.youtube.com/embed/FAJU6F7lusU?cc_lang_pref=ko&cc_load_policy=1&autoplay=1
246,앉아서 다리 올리기,근력/근지구력,밴드,하체,청소년,https://www.youtube.com/embed/-w1qoYbzKtM?cc_lang_pref=ko&cc_load_policy=1&autoplay=1
247,상체 감아올리기,근력/근지구력,밴드,몸통,청소년,https://www.youtube.com/embed/rUcEA_Qk8R8?cc_lang_pref=ko&cc_load_policy=1&autoplay=1
248,한 발 뒤로 들어올리기,근력/근지구력,밴드,하체,청소년,https://www.youtube.com/embed/kz5XRTGXDbM?cc_lang_pref=ko&cc_load_policy=1&autoplay=1
249,뒤로 팔 뻗기,근력/근지구력,밴드,상체,청소년,https://www.youtube.com/embed/MLucwQQhV7w?cc_lang_pref=ko&cc_load_policy=1&autoplay=1
250,발에 밴드걸고 윗몸일으키기,근력/근지구력,밴드,몸통,청소년,https://www.youtube.com/embed/vcsuFADyX5k?cc_lang_pref=ko&cc_load_policy=1&autoplay=1
251,한 발 끌어당기기,근력/근지구력,밴드,하체,청소년,https://www.youtube.com/embed/CFCe-9XoOGY?cc_lang_pref=ko&cc_load_policy=1&autoplay=1
252,다리 감아올리기,근력/근지구력,밴드,몸통,청소년,https://www.youtube.com/embed/TEPwppVaXOI?cc_lang_pref=ko&cc_load_policy=1&autoplay=1
253,버피 테스트,근력/근지구력,맨몸,전신,청소년,https://www.youtube.com/embed/pTtqoa8qCKw?cc_lang_pref=ko&cc_load_policy=1&autoplay=1
254,크런치 사이클,근력/근지구력,맨몸,전신,청소년,https://www.youtube.com/embed/UGgk7Jw_f1U?cc_lang_pref=ko&cc_load_policy=1&autoplay=1
255,앉았다 일어서기,근력/근지구력,웨이트기계,전신,청소년,https://www.youtube.com/embed/fGZmGAxlD_M?cc_lang_pref=ko&cc_load_policy=1&autoplay=1
256,몸통 옆으로 굽히기,근력/근지구력,웨이트기계,몸통,청소년,https://www.youtube.com/embed/LfKv0eYnuOY?cc_lang_pref=ko&cc_load_policy=1&autoplay=1
257,앉아서 당겨 내리기,근력/근지구력,웨이트기계,상체,청소년,https://www.youtube.com/embed/pNaLUUsmwbo?cc_lang_pref=ko&cc_load_policy=1&autoplay=1
258,앉아서 양팔 당기기,근력/근지구력,웨이트기계,상체,청소년,https://www.youtube.com/embed/0SAWlcoMj2U?cc_lang_pref=ko&cc_load_policy=1&autoplay=1
259,앉아서 다리 펴기,근력/근지구력,웨이트기계,하체,청소년,https://www.youtube.com/embed/_zAgw6exWvE?cc_lang_pref=ko&cc_load_policy=1&autoplay=1
260,누워서 팔 밀기,근력/근지구력,웨이트기계,상체,청소년,https://www.youtube.com/embed/GBarzQdL1ts?cc_lang_pref=ko&cc_load_policy=1&autoplay=1
261,앉아서 가슴 모으기,근력/근지구력,웨이트기계,상체,청소년,https://www.youtube.com/embed/Gdvoe78BZgc?cc_lang_pref=ko&cc_load_policy=1&autoplay=1
262,누워서 다리 굽히기,근력/근지구력,웨이트기계,하체,청소년,https://www.youtube.com/embed/H2NIwkEiSCo?cc_lang_pref=ko&cc_load_policy=1&autoplay=1
263,앉아서 몸통 움츠리기,근력/근지구력,웨이트기계,몸통,청소년,https://www.youtube.com/embed/hsZnZO475IE?cc_lang_pref=ko&cc_load_policy=1&autoplay=1
264,다리 넓게 벌려 앉았다 일어서기,근력/근지구력,웨이트기계,하체,청소년,https://www.youtube.com/embed/TmR7iEcnUt8?cc_lang_pref=ko&cc_load_policy=1&autoplay=1
265,전완대고 버티기,근력/근지구력,맨몸,전신,청소년,https://www.youtube.com/embed/as-bA6n799M?cc_lang_pref=ko&cc_load_policy=1&autoplay=1
266,윗몸 일으키기,근력/근지구력,맨몸,몸통,청소년,https://www.youtube.com/embed/yy5_zfTSuVg?cc_lang_pref=ko&cc_load_policy=1&autoplay=1
267,몸통 들어올리기,근력/근지구력,맨몸,몸통,청소년,https://www.youtube.com/embed/dFSpHOh1j8Q?cc_lang_pref=ko&cc_load_policy=1&autoplay=1
268,앉았다 일어서기,근력/근지구력,맨몸,하체,청소년,https://www.youtube.com/embed/vuhFot3rABE?cc_lang_pref=ko&cc_load_policy=1&autoplay=1
269,앞굽이 앉았다 일어서기,근력/근지구력,맨몸,하체,청소년,https://www.youtube.com/embed/rgKPttoiNJs?cc_lang_pref=ko&cc_load_policy=1&autoplay=1
270,팔다리 교차 버티기,근력/근지구력,맨몸,전신,청소년,https://www.youtube.com/embed/zgHj7pnq7B4?cc_lang_pref=ko&cc_load_policy=1&autoplay=1
271,발 바꿔 뛰기,근력/근지구력,맨몸,전신,청소년,https://www.youtube.com/embed/UKsMMfmd7_o?cc_lang_pref=ko&cc_load_policy=1&autoplay=1
272,엎드려 팔다리 교차올리기,근력/근지구력,맨몸,전신,청소년,https://www.youtube.com/embed/PnDUsgRitJ0?cc_lang_pref=ko&cc_load_policy=1&autoplay=1
273,연속 사이드 스쿼드,근력/근지구력,맨몸,하체,청소년,https://www.youtube.com/embed/n2lX8Dz__PU?cc_lang_pref=ko&cc_load_policy=1&autoplay=1
274,손 뻗어 윗몸 일으키기,근력/근지구력,맨몸,몸통,청소년,https://www.youtube.com/embed/IDZ8XwriXkQ?cc_lang_pref=ko&cc_load_policy=1&autoplay=1
275,다리 뻗어 올리기,근력/근지구력,맨몸,하체,청소년,https://www.youtube.com/embed/KONKuIKu2lc?cc_lang_pref=ko&cc_load_policy=1&autoplay=1
276,누워 무릎 기울기,근력/근지구력,맨몸,몸통,청소년,https://www.youtube.com/embed/D-zUdZ-xzGs?cc_lang_pref=ko&cc_load_policy=1&autoplay=1
277,팔굽혀 펴기,근력/근지구력,맨몸,상체,청소년,https://www.youtube.com/embed/QdEzjA3RzYY?cc_lang_pref=ko&cc_load_policy=1&autoplay=1
278,누워 다리 들어올리기,근력/근지구력,맨몸,몸통,청소년,https://www.youtube.com/embed/FBbAIdQnuxE?cc_lang_pref=ko&cc_load_policy=1&autoplay=1
279,뒤로 팔굽혀펴기,근력/근지구력,맨몸,상체,청소년,https://www.youtube.com/embed/Cp2cbnP4WJQ?cc_lang_pref=ko&cc_load_policy=1&autoplay=1
280,바로서서 상체 숙이기,근력/근지구력,맨몸,상체,청소년,https://www.youtube.com/embed/pRkHswoTbro?cc_lang_pref=ko&cc_load_policy=1&autoplay=1
281,V자 싸이클,근력/근지구력,맨몸,몸통,청소년,https://www.youtube.com/embed/L-buLs6yyvg?cc_lang_pref=ko&cc_load_policy=1&autoplay=1
282,짐볼 전완대고 버티기,협응력,짐볼,몸통,청소년,https://www.youtube.com/embed/AQReD1zHx_k?cc_lang_pref=ko&cc_load_policy=1&autoplay=1
283,다리 교대로 들어올리기,협응력,짐볼,몸통,청소년,https://www.youtube.com/embed/nLo057SU6gg?cc_lang_pref=ko&cc_load_policy=1&autoplay=1
284,의자에 앉아 물병 들고 몸통 돌리기,근력/근지구력,물병,몸통,청소년,https://www.youtube.com/embed/mmC04HOVYKc?cc_lang_pref=ko&cc_load_policy=1&autoplay=1
285,백 슬라이드,협응력,짐볼,전신,청소년,https://www.youtube.com/embed/FVBBoEBofyk?cc_lang_pref=ko&cc_load_policy=1&autoplay=1
286,짐볼 윗몸일으키기,협응력,짐볼,몸통,청소년,https://www.youtube.com/embed/FG4fgAVaIuw?cc_lang_pref=ko&cc_load_policy=1&autoplay=1
287,양손 모아 균형 잡기,협응력,짐볼,전신,청소년,https://www.youtube.com/embed/7x1f5Vw9z2Y?cc_lang_pref=ko&cc_load_policy=1&autoplay=1
288,짐볼 배에 대고 버티기,협응력,짐볼,몸통,청소년,https://www.youtube.com/embed/ceGY9Aj9VEI?cc_lang_pref=ko&cc_load_policy=1&autoplay=1
289,수영,심폐지구력,수중운동,전신,청소년,https://www.youtube.com/embed/ECcwk8pYwnM?cc_lang_pref=ko&cc_load_policy=1&autoplay=1
290,메디신 볼 잡고 런지하며 상체비틀기,협응력,공,전신,청소년,https://www.youtube.com/embed/Nao01R4933o?cc_lang_pref=ko&cc_load_policy=1&autoplay=1
291,메디신 볼 잡고 팔굽혀펴기,협응력,공,전신,청소년,https://www.youtube.com/embed/vNYnHTneaWg?cc_lang_pref=ko&cc_load_policy=1&autoplay=1
292,종아리 사이 감아 돌리기,협응력,공,전신,청소년,https://www.youtube.com/embed/J0nD1LVqH4c?cc_lang_pref=ko&cc_load_policy=1&autoplay=1
293,볼 잡고 점프하기,협응력,공,전신,청소년,https://www.youtube.com/embed/2_zjFKCaHpw?cc_lang_pref=ko&cc_load_policy=1&autoplay=1
294,볼 튕기면서 스쿼트,협응력,공,전신,청소년,https://www.youtube.com/embed/xPkHrz-hhxo?cc_lang_pref=ko&cc_load_policy=1&autoplay=1
295,양발 교차 올리기,협응력,짐볼,하체,청소년,https://www.youtube.com/embed/BRg2g_LmpZk?cc_lang_pref=ko&cc_load_policy=1&autoplay=1
296,허리 비틀어 볼 주고받기,협응력,공,몸통,청소년,https://www.youtube.com/embed/Ep0y6bHJdzE?cc_lang_pref=ko&cc_load_policy=1&autoplay=1
297,누워 무릎 교차 올리기,협응력,짐볼,몸통,청소년,https://www.youtube.com/embed/g6dvWSqiRG8?cc_lang_pref=ko&cc_load_policy=1&autoplay=1
298,허리 감아 볼 돌리기,협응력,공,상체,청소년,https://www.youtube.com/embed/nNNKJyUoUtc?cc_lang_pref=ko&cc_load_policy=1&autoplay=1
299,볼 잡고 몸통 기울이기,협응력,공,몸통,청소년,https://www.youtube.com/embed/MtFaiiF6Ps8?cc_lang_pref=ko&cc_load_policy=1&autoplay=1
300,머리 위로 볼 돌리기,협응력,공,상체,청소년,https://www.youtube.com/embed/5lIHcPM93FY?cc_lang_pref=ko&cc_load_policy=1&autoplay=1
301,조깅,심폐지구력,맨몸,전신,청소년,https://www.youtube.com/embed/RpSDn8NCm04?cc_lang_pref=ko&cc_load_policy=1&autoplay=1
302,걷기,심폐지구력,맨몸,하체,청소년,https://www.youtube.com/embed/_KSiQqsgKVc?cc_lang_pref=ko&cc_load_policy=1&autoplay=1
303,줄넘기 운동,심폐지구력,줄넘기,하체,청소년,https://www.youtube.com/embed/LzpiFYj3pC8?cc_lang_pref=ko&cc_load_policy=1&autoplay=1
304,자전거타기,심폐지구력,자전거,하체,청소년,https://www.youtube.com/embed/eWnb9H-GS2Y?cc_lang_pref=ko&cc_load_policy=1&autoplay=1
305,빠르게 앞무릎 올리기,민첩성/순발력,스텝박스,하체,청소년,https://www.youtube.com/embed/NVjWPGvUyCs?cc_lang_pref=ko&cc_load_policy=1&autoplay=1
306,좌우 이동하며 팔굽혀펴기,민첩성/순발력,스텝박스,상체,청소년,https://www.youtube.com/embed/HEXaFDYP-Kw?cc_lang_pref=ko&cc_load_policy=1&autoplay=1
307,한발로 점프하기,민첩성/순발력,스텝박스,하체,청소년,https://www.youtube.com/embed/b61cDTnQ4Eg?cc_lang_pref=ko&cc_load_policy=1&autoplay=1
308,팔굽혀펴기 후 점프하기,민첩성/순발력,스텝박스,전신,청소년,https://www.youtube.com/embed/8u0wqVq2Vkk?cc_lang_pref=ko&cc_load_policy=1&autoplay=1
309,좌우 양발모아 점프하기,민첩성/순발력,스텝박스,하체,청소년,https://www.youtube.com/embed/KTcf_Z6-IUc?cc_lang_pref=ko&cc_load_policy=1&autoplay=1
310,연속 상향 점프하기,민첩성/순발력,스텝박스,하체,청소년,https://www.youtube.com/embed/1E_yysU93aU?cc_lang_pref=ko&cc_load_policy=1&autoplay=1
311,사이드 스텝 점프하기,민첩성/순발력,스텝박스,하체,청소년,https://www.youtube.com/embed/id47Irq6AZA?cc_lang_pref=ko&cc_load_policy=1&autoplay=1
312,연속 하향 점프하기,민첩성/순발력,스텝박스,하체,청소년,https://www.youtube.com/embed/gTYn0zSOxBk?cc_lang_pref=ko&cc_load_policy=1&autoplay=1
313,팔 벌려 뛰기,민첩성/순발력,맨몸,전신,청소년,https://www.youtube.com/embed/rRuqazTs5GY?cc_lang_pref=ko&cc_load_policy=1&autoplay=1
314,앉았다 일어나며 점프하기,민첩성/순발력,맨몸,하체,청소년,https://www.youtube.com/embed/DZav3lpO4cc?cc_lang_pref=ko&cc_load_policy=1&autoplay=1
315,양발 점프 착지하기,민첩성/순발력,스텝박스,하체,청소년,https://www.youtube.com/embed/-p97wrNEHOs?cc_lang_pref=ko&cc_load_policy=1&autoplay=1
316,점프 후 버티기,민첩성/순발력,스텝박스,하체,청소년,https://www.youtube.com/embed/LtCeIfz2sJk?cc_lang_pref=ko&cc_load_policy=1&autoplay=1
317,빠르게 무릎들어 뛰기,민첩성/순발력,맨몸,전신,청소년,https://www.youtube.com/embed/HrkVnPTkPUk?cc_lang_pref=ko&cc_load_policy=1&autoplay=1
318,다리 뻗어 점프하기,민첩성/순발력,맨몸,전신,청소년,https://www.youtube.com/embed/Yg9m7HBhujE?cc_lang_pref=ko&cc_load_policy=1&autoplay=1
319,앞차기하며 뛰기,민첩성/순발력,맨몸,전신,청소년,https://www.youtube.com/embed/DRDnwdYas34?cc_lang_pref=ko&cc_load_policy=1&autoplay=1
320,양팔 벌려 높이 뛰기,민첩성/순발력,맨몸,전신,청소년,https://www.youtube.com/embed/bm8IkryOeGg?cc_lang_pref=ko&cc_load_policy=1&autoplay=1
321,제자리 멀리 뛰기,민첩성/순발력,맨몸,전신,청소년,https://www.youtube.com/embed/6ZgR7yHNM1k?cc_lang_pref=ko&cc_load_policy=1&autoplay=1
322,앞굽이 뛰기,민첩성/순발력,맨몸,하체,청소년,https://www.youtube.com/embed/O6jK17-Ph3w?cc_lang_pref=ko&cc_load_policy=1&autoplay=1
323,사이드 한발 뛰기,민첩성/순발력,맨몸,하체,청소년,https://www.youtube.com/embed/sx8wmosOr58?cc_lang_pref=ko&cc_load_policy=1&autoplay=1
324,뛰어 밀기,민첩성/순발력,맨몸,전신,청소년,https://www.youtube.com/embed/KGP2_kU9zcE?cc_lang_pref=ko&cc_load_policy=1&autoplay=1
325,순간반응 콘 찍기,민첩성/순발력,하프콘,하체,청소년,https://www.youtube.com/embed/ACo-byg8ZG4?cc_lang_pref=ko&cc_load_policy=1&autoplay=1
326,사이드 지그재그 뛰기,민첩성/순발력,하프콘,하체,청소년,https://www.youtube.com/embed/jvun0lyR_rs?cc_lang_pref=ko&cc_load_policy=1&autoplay=1
327,무릎 높이 들어 뛰기,민첩성/순발력,맨몸,전신,청소년,https://www.youtube.com/embed/mlp4kMLikpo?cc_lang_pref=ko&cc_load_policy=1&autoplay=1
328,뒤꿈치 높이들어 뛰기,민첩성/순발력,맨몸,하체,청소년,https://www.youtube.com/embed/3974cYTQiJk?cc_lang_pref=ko&cc_load_policy=1&autoplay=1
329,한발 연속 뛰기,민첩성/순발력,하프콘,하체,청소년,https://www.youtube.com/embed/xfMn91zDn1o?cc_lang_pref=ko&cc_load_policy=1&autoplay=1
330,전후 교차 뛰기,민첩성/순발력,하프콘,하체,청소년,https://www.youtube.com/embed/T3lYQV-iY9g?cc_lang_pref=ko&cc_load_policy=1&autoplay=1
331,점프하며 뛰기,민첩성/순발력,맨몸,전신,청소년,https://www.youtube.com/embed/HFJZQGaV9Ck?cc_lang_pref=ko&cc_load_policy=1&autoplay=1
332,순간반응 콘 찍기 2,민첩성/순발력,하프콘,하체,청소년,https://www.youtube.com/embed/4Z4ArI88HDM?cc_lang_pref=ko&cc_load_policy=1&autoplay=1
333,사이드 스텝,민첩성/순발력,하프콘,하체,청소년,https://www.youtube.com/embed/kcnddDQBVpg?cc_lang_pref=ko&cc_load_policy=1&autoplay=1
334,앞뒤 지그재그 뛰기,민첩성/순발력,하프콘,하체,청소년,https://www.youtube.com/embed/7fqpjj6RHFg?cc_lang_pref=ko&cc_load_policy=1&autoplay=1
335,W 스텝,민첩성/순발력,하프콘,하체,청소년,https://www.youtube.com/embed/I_dco85NseI?cc_lang_pref=ko&cc_load_policy=1&autoplay=1
336,무릎 들어 연속 뛰기,민첩성/순발력,하프콘,하체,청소년,https://www.youtube.com/embed/_haFiZ0e79k?cc_lang_pref=ko&cc_load_policy=1&autoplay=1
337,양발 연속 뛰기,민첩성/순발력,하프콘,하체,청소년,https://www.youtube.com/embed/w8QX90ispRk?cc_lang_pref=ko&cc_load_policy=1&autoplay=1
338,양발 모았다 벌려뛰기,민첩성/순발력,사다리,하체,청소년,https://www.youtube.com/embed/5-ihW5_Idos?cc_lang_pref=ko&cc_load_policy=1&autoplay=1
339,엇박자 뛰기,민첩성/순발력,사다리,하체,청소년,https://www.youtube.com/embed/1h8HHORhdDY?cc_lang_pref=ko&cc_load_policy=1&autoplay=1
340,빠른 발 뛰기,민첩성/순발력,사다리,하체,청소년,https://www.youtube.com/embed/hRurSt97FUI?cc_lang_pref=ko&cc_load_policy=1&autoplay=1
341,양발 교차 뛰기,민첩성/순발력,사다리,하체,청소년,https://www.youtube.com/embed/xcydCMLSnbk?cc_lang_pref=ko&cc_load_policy=1&autoplay=1
342,빠른 발 안팎 뛰기,민첩성/순발력,사다리,하체,청소년,https://www.youtube.com/embed/uvGUumbZfKY?cc_lang_pref=ko&cc_load_policy=1&autoplay=1
343,양발 모아 좌우 뛰기,민첩성/순발력,사다리,하체,청소년,https://www.youtube.com/embed/PWfBI3LVWN8?cc_lang_pref=ko&cc_load_policy=1&autoplay=1
344,뒷발 교차 뛰기,민첩성/순발력,사다리,하체,청소년,https://www.youtube.com/embed/u_8vvQK4px4?cc_lang_pref=ko&cc_load_policy=1&autoplay=1
345,한발 연속 뛰기,민첩성/순발력,사다리,하체,청소년,https://www.youtube.com/embed/QZlZmNFRahw?cc_lang_pref=ko&cc_load_policy=1&autoplay=1
346,의자 앉아 공 밀기,협응력,의자/공,전신,어르신,https://www.youtube.com/embed/KYdtC_7Uorg?cc_lang_pref=ko&cc_load_policy=1&autoplay=1
347,크게 다리벌려 교차 뛰기,민첩성/순발력,사다리,하체,청소년,https://www.youtube.com/embed/RzQQo6uotQ8?cc_lang_pref=ko&cc_load_policy=1&autoplay=1
348,한발 앞뒤 교차 뛰기,민첩성/순발력,사다리,하체,청소년,https://www.youtube.com/embed/XkxLsdeQC0w?cc_lang_pref=ko&cc_load_policy=1&autoplay=1
349,옆으로 걷기,협응력,사다리,전신,어르신,https://www.youtube.com/embed/MpJ4hBfguV8?cc_lang_pref=ko&cc_load_policy=1&autoplay=1
350,줄 따라 걷기,협응력,줄,전신,어르신,https://www.youtube.com/embed/SdUIfqqUgdw?cc_lang_pref=ko&cc_load_policy=1&autoplay=1
351,의자 이용하기,협응력,의자,전신,어르신,https://www.youtube.com/embed/ZDlWKL9QeyQ?cc_lang_pref=ko&cc_load_policy=1&autoplay=1
352,사다리 이용 루틴 운동,협응력,사다리,전신,어르신,https://www.youtube.com/embed/MpJ4hBfguV8?cc_lang_pref=ko&cc_load_policy=1&autoplay=1
353,풍선차기,협응력,제기,전신,어르신,https://www.youtube.com/embed/-uAtoUrmmRs?cc_lang_pref=ko&cc_load_policy=1&autoplay=1
354,앞뒤로 한발씩 걷기,협응력,사다리,전신,어르신,https://www.youtube.com/embed/MpJ4hBfguV8?cc_lang_pref=ko&cc_load_policy=1&autoplay=1
355,두발모아 걷기,협응력,사다리,전신,어르신,https://www.youtube.com/embed/MpJ4hBfguV8?cc_lang_pref=ko&cc_load_policy=1&autoplay=1
356,스카프 라인,협응력,스카프,전신,어르신,https://www.youtube.com/embed/eYFjJB0KC3Y?cc_lang_pref=ko&cc_load_policy=1&autoplay=1
357,사다리 걷기,협응력,사다리,전신,어르신,https://www.youtube.com/embed/MpJ4hBfguV8?cc_lang_pref=ko&cc_load_policy=1&autoplay=1
358,발로 공주고 받기,협응력,공,전신,어르신,https://www.youtube.com/embed/K5SeD0JEG5c?cc_lang_pref=ko&cc_load_policy=1&autoplay=1
359,한 칸 건너뛰며 걷기,협응력,사다리,전신,어르신,https://www.youtube.com/embed/MpJ4hBfguV8?cc_lang_pref=ko&cc_load_policy=1&autoplay=1
360,하프콘 투호,협응력,하프콘,전신,어르신,https://www.youtube.com/embed/xG5wa2P9Chk?cc_lang_pref=ko&cc_load_policy=1&autoplay=1
361,발바닥 치기,협응력,맨몸,전신,어르신,https://www.youtube.com/embed/3tXwkI9mLWM?cc_lang_pref=ko&cc_load_policy=1&autoplay=1
362,짐볼 앉아 중심 잡기 루틴 운동,평형성,짐볼,전신,어르신,https://www.youtube.com/embed/1CTWSroJe3g?cc_lang_pref=ko&cc_load_policy=1&autoplay=1
363,좌우로 선넘기,협응력,맨몸,전신,어르신,https://www.youtube.com/embed/LvHNt8KNBxQ?cc_lang_pref=ko&cc_load_policy=1&autoplay=1
364,앞뒤로 선넘기,협응력,맨몸,전신,어르신,https://www.youtube.com/embed/17tyLvjkjDs?cc_lang_pref=ko&cc_load_policy=1&autoplay=1
365,머리 위로 공 넘기기,협응력,공,전신,어르신,https://www.youtube.com/embed/dzRdSpp-spI?cc_lang_pref=ko&cc_load_policy=1&autoplay=1
366,풍선 튕기기,협응력,풍선,전신,어르신,https://www.youtube.com/embed/PjAq9PwGv1E?cc_lang_pref=ko&cc_load_policy=1&autoplay=1
367,스카프 저글링,협응력,스카프,전신,어르신,https://www.youtube.com/embed/ry2gYqGDKhQ?cc_lang_pref=ko&cc_load_policy=1&autoplay=1
368,짐볼 앉아 한발 들기,평형성,짐볼,전신,어르신,https://www.youtube.com/embed/1CTWSroJe3g?cc_lang_pref=ko&cc_load_policy=1&autoplay=1
369,성화봉송,협응력,라바콘/공,전신,어르신,https://www.youtube.com/embed/3JBWu1CB2i8?cc_lang_pref=ko&cc_load_policy=1&autoplay=1
370,짐볼 앉아 양손 측면으로 들기,평형성,짐볼,전신,어르신,https://www.youtube.com/embed/1CTWSroJe3g?cc_lang_pref=ko&cc_load_policy=1&autoplay=1
371,짐볼 앉아 양손 대각방향으로 들기,평형성,짐볼,전신,어르신,https://www.youtube.com/embed/1CTWSroJe3g?cc_lang_pref=ko&cc_load_policy=1&autoplay=1
372,짐볼 앉아 한발 내딛기,평형성,짐볼,전신,어르신,https://www.youtube.com/embed/1CTWSroJe3g?cc_lang_pref=ko&cc_load_policy=1&autoplay=1
373,균형 걷기,평형성,맨몸,전신,어르신,https://www.youtube.com/embed/Csa1WTJc5ys?cc_lang_pref=ko&cc_load_policy=1&autoplay=1
374,서서 다리로 탄력밴드 당겨 중심 잡기 루틴 운동,평형성,탄력밴드,전신,어르신,https://www.youtube.com/embed/nraX-E22Uiw?cc_lang_pref=ko&cc_load_policy=1&autoplay=1
375,짐볼 앉기,평형성,짐볼,전신,어르신,https://www.youtube.com/embed/1CTWSroJe3g?cc_lang_pref=ko&cc_load_policy=1&autoplay=1
376,탄력밴드 무릎으로 당기기,평형성,탄력밴드,전신,어르신,https://www.youtube.com/embed/nraX-E22Uiw?cc_lang_pref=ko&cc_load_policy=1&autoplay=1
377,탄력밴드 측면으로 당기기,평형성,탄력밴드,전신,어르신,https://www.youtube.com/embed/nraX-E22Uiw?cc_lang_pref=ko&cc_load_policy=1&autoplay=1
378,탄력밴드 후방 측면으로 당기기,평형성,탄력밴드,전신,어르신,https://www.youtube.com/embed/nraX-E22Uiw?cc_lang_pref=ko&cc_load_policy=1&autoplay=1
379,짐볼 앉아 뒤꿈치 들기,평형성,짐볼,전신,어르신,https://www.youtube.com/embed/1CTWSroJe3g?cc_lang_pref=ko&cc_load_policy=1&autoplay=1
380,짐볼 앉아 몸통 돌리기,평형성,짐볼,전신,어르신,https://www.youtube.com/embed/1CTWSroJe3g?cc_lang_pref=ko&cc_load_policy=1&autoplay=1
381,탄력밴드 후방으로 당기기,평형성,탄력밴드,전신,어르신,https://www.youtube.com/embed/1CTWSroJe3g?cc_lang_pref=ko&cc_load_policy=1&autoplay=1
382,짐볼 앉아 상체 숙이기,평형성,짐볼,전신,어르신,https://www.youtube.com/embed/nraX-E22Uiw?cc_lang_pref=ko&cc_load_policy=1&autoplay=1
383,짐볼 앉아 한손 측면으로 들기,평형성,짐볼,전신,어르신,https://www.youtube.com/embed/1CTWSroJe3g?cc_lang_pref=ko&cc_load_policy=1&autoplay=1
384,짐볼 앉아 양 손 가슴 교차,평형성,짐볼,전신,어르신,https://www.youtube.com/embed/1CTWSroJe3g?cc_lang_pref=ko&cc_load_policy=1&autoplay=1
385,베개 밟고 서기,평형성,베개,전신,어르신,https://www.youtube.com/embed/VTFGHFONGgg?cc_lang_pref=ko&cc_load_policy=1&autoplay=1
386,의자 이용 중심 잡기 루틴 운동,평형성,의자,전신,어르신,https://www.youtube.com/embed/TXuY9C4UvI0?cc_lang_pref=ko&cc_load_policy=1&autoplay=1
387,베개 밟고 교차 서기,평형성,베개,전신,어르신,https://www.youtube.com/embed/VTFGHFONGgg?cc_lang_pref=ko&cc_load_policy=1&autoplay=1
388,의자 잡고 후방으로 한발 뻗어 들기,평형성,의자,전신,어르신,https://www.youtube.com/embed/TXuY9C4UvI0?cc_lang_pref=ko&cc_load_policy=1&autoplay=1
389,베개 밟고 대각방향으로 서기,평형성,베개,전신,어르신,https://www.youtube.com/embed/VTFGHFONGgg?cc_lang_pref=ko&cc_load_policy=1&autoplay=1
390,베개 밟고 두발 모아 서기,평형성,베개,전신,어르신,https://www.youtube.com/embed/VTFGHFONGgg?cc_lang_pref=ko&cc_load_policy=1&autoplay=1
391,의자잡고 후방으로 무릎 굽혀 들기,평형성,의자,전신,어르신,https://www.youtube.com/embed/TXuY9C4UvI0?cc_lang_pref=ko&cc_load_policy=1&autoplay=1
392,의자 잡고 전방으로 무릎 굽혀 들기,평형성,의자,전신,어르신,https://www.youtube.com/embed/TXuY9C4UvI0?cc_lang_pref=ko&cc_load_policy=1&autoplay=1
393,베개 밟고 위로 양팔 들기,평형성,베개,전신,어르신,https://www.youtube.com/embed/VTFGHFONGgg?cc_lang_pref=ko&cc_load_policy=1&autoplay=1
394,베개 밟고 측면으로 양팔 들기,평형성,베개,전신,어르신,https://www.youtube.com/embed/VTFGHFONGgg?cc_lang_pref=ko&cc_load_policy=1&autoplay=1
395,탄력밴드 걸고 서기,평형성,탄력밴드,전신,어르신,https://www.youtube.com/embed/nraX-E22Uiw?cc_lang_pref=ko&cc_load_policy=1&autoplay=1
396,탄력밴드 전방으로 당기기,평형성,탄력밴드,전신,어르신,https://www.youtube.com/embed/nraX-E22Uiw?cc_lang_pref=ko&cc_load_policy=1&autoplay=1
397,한발 들기,평형성,맨몸,전신,어르신,https://www.youtube.com/embed/aHpzBV7JBOA?cc_lang_pref=ko&cc_load_policy=1&autoplay=1
398,양발 나란히 서기,평형성,맨몸,전신,어르신,https://www.youtube.com/embed/n5lc_PYZODs?cc_lang_pref=ko&cc_load_policy=1&autoplay=1
399,의자 잡고 한발 들기,평형성,의자,전신,어르신,https://www.youtube.com/embed/TXuY9C4UvI0?cc_lang_pref=ko&cc_load_policy=1&autoplay=1
400,좌우 찍기,평형성,맨몸,전신,어르신,https://www.youtube.com/embed/rdsVdzLUrGY?cc_lang_pref=ko&cc_load_policy=1&autoplay=1
401,의자 잡고 측면으로 한발 들기,평형성,의자,전신,어르신,https://www.youtube.com/embed/TXuY9C4UvI0?cc_lang_pref=ko&cc_load_policy=1&autoplay=1
402,의자 잡고 서기,평형성,의자,전신,어르신,https://www.youtube.com/embed/TXuY9C4UvI0?cc_lang_pref=ko&cc_load_policy=1&autoplay=1
403,가슴 스트레칭,유연성,폼롤러,몸통,어르신,https://www.youtube.com/embed/cAX-9tpajlo?cc_lang_pref=ko&cc_load_policy=1&autoplay=1
404,옆으로 누워 가슴 열기,유연성,폼롤러,몸통,어르신,https://www.youtube.com/embed/E6Z1S5o3VHQ?cc_lang_pref=ko&cc_load_policy=1&autoplay=1
405,팔 교대로 올리기,유연성,폼롤러,상체,어르신,https://www.youtube.com/embed/pl83Q_CX5PE?cc_lang_pref=ko&cc_load_policy=1&autoplay=1
406,폼롤러 밀며 몸 앞으로 숙이기,유연성,폼롤러,전신,어르신,https://www.youtube.com/embed/M6FcoGdpiGg?cc_lang_pref=ko&cc_load_policy=1&autoplay=1
407,옆으로 누워 폼롤러 굴려주기,유연성,폼롤러,전신,어르신,https://www.youtube.com/embed/tW-HIasaQoI?cc_lang_pref=ko&cc_load_policy=1&autoplay=1
408,폼롤러 앞으로 굴리기,유연성,폼롤러,상체,어르신,https://www.youtube.com/embed/L8sgBZ6j6E0?cc_lang_pref=ko&cc_load_policy=1&autoplay=1
409,척추 스트레칭,유연성,폼롤러,몸통,어르신,https://www.youtube.com/embed/o9AwtuC8tcI?cc_lang_pref=ko&cc_load_policy=1&autoplay=1
410,엉덩이 스트레칭,유연성,짐볼,하체,어르신,https://www.youtube.com/embed/DuT2CxXpjMI?cc_lang_pref=ko&cc_load_policy=1&autoplay=1
411,짐볼 양팔로 밀기,유연성,짐볼,몸통,어르신,https://www.youtube.com/embed/KOdeSjgCKto?cc_lang_pref=ko&cc_load_policy=1&autoplay=1
412,복부 스트레칭,유연성,짐볼,몸통,어르신,https://www.youtube.com/embed/L_YRhObjzns?cc_lang_pref=ko&cc_load_policy=1&autoplay=1
413,골반 스트레칭,유연성,짐볼,몸통,어르신,https://www.youtube.com/embed/ojFLac-fzaE?cc_lang_pref=ko&cc_load_policy=1&autoplay=1
414,어깨 올리기,유연성,폼롤러,상체,어르신,https://www.youtube.com/embed/vQ2hu1qlWbM?cc_lang_pref=ko&cc_load_policy=1&autoplay=1
415,등 스트레칭,유연성,짐볼,상체,어르신,https://www.youtube.com/embed/tOa3El4i6tw?cc_lang_pref=ko&cc_load_policy=1&autoplay=1
416,골반 스트레칭2,유연성,짐볼,하체,어르신,https://www.youtube.com/embed/V0QgXsA6Zv0?cc_lang_pref=ko&cc_load_policy=1&autoplay=1
417,무릎 아래에서 양옆으로 굴리기,유연성,짐볼,몸통,어르신,https://www.youtube.com/embed/ElJ8SfLdGqI?cc_lang_pref=ko&cc_load_policy=1&autoplay=1
418,어깨 스트레칭,유연성,폼롤러,상체,어르신,https://www.youtube.com/embed/KD3bRZnEvOU?cc_lang_pref=ko&cc_load_policy=1&autoplay=1
419,짐볼 옆에 두고 어깨 누르기,유연성,짐볼,상체,어르신,https://www.youtube.com/embed/rdxaCs7XXc0?cc_lang_pref=ko&cc_load_policy=1&autoplay=1
420,짐볼 양옆으로 굴리기,유연성,짐볼,몸통,어르신,https://www.youtube.com/embed/swOnOMiCljg?cc_lang_pref=ko&cc_load_policy=1&autoplay=1
421,대퇴사두근 스트레칭,유연성,의자,하체,어르신,https://www.youtube.com/embed/VeZl905pjww?cc_lang_pref=ko&cc_load_policy=1&autoplay=1
422,비복근 스트레칭,유연성,의자,하체,어르신,https://www.youtube.com/embed/bWmGuFHik6A?cc_lang_pref=ko&cc_load_policy=1&autoplay=1
423,옆구리 스트레칭,유연성,의자,몸통,어르신,https://www.youtube.com/embed/YncA0tqI5VA?cc_lang_pref=ko&cc_load_policy=1&autoplay=1
424,내전근 스트레칭,유연성,의자,하체,어르신,https://www.youtube.com/embed/kqDHbTQdAnI?cc_lang_pref=ko&cc_load_policy=1&autoplay=1
425,가슴 스트레칭,유연성,의자,몸통,어르신,https://www.youtube.com/embed/_tiMBPQ4YpM?cc_lang_pref=ko&cc_load_policy=1&autoplay=1
426,발가락 폄근 스트레칭,유연성,의자,하체,어르신,https://www.youtube.com/embed/YRrAjY5OybY?cc_lang_pref=ko&cc_load_policy=1&autoplay=1
427,등/어깨 뒤쪽 스트레칭,유연성,의자,상체,어르신,https://www.youtube.com/embed/R4oPhjIJoLw?cc_lang_pref=ko&cc_load_policy=1&autoplay=1
428,몸 앞으로 굽히기,유연성,의자,몸통,어르신,https://www.youtube.com/embed/wx2v-DU9kr8?cc_lang_pref=ko&cc_load_policy=1&autoplay=1
429,엉덩이 스트레칭,유연성,의자,하체,어르신,https://www.youtube.com/embed/kpSbL_iyUBs?cc_lang_pref=ko&cc_load_policy=1&autoplay=1
430,짐볼 앞으로 밀기,유연성,짐볼,상체,어르신,https://www.youtube.com/embed/dl0loiuKJaU?cc_lang_pref=ko&cc_load_policy=1&autoplay=1
431,목 스트레칭,유연성,의자,상체,어르신,https://www.youtube.com/embed/ol2kvAp7TRc?cc_lang_pref=ko&cc_load_policy=1&autoplay=1
432,팔꿈치 맞닿아 원그리기,유연성,의자,상체,어르신,https://www.youtube.com/embed/6ws5Ze7ootE?cc_lang_pref=ko&cc_load_policy=1&autoplay=1
433,대퇴이두근 스트레칭,유연성,맨몸,하체,어르신,https://www.youtube.com/embed/kKJkjq_ZZdg?cc_lang_pref=ko&cc_load_policy=1&autoplay=1
434,고관절 스트레칭,유연성,맨몸,몸통,어르신,https://www.youtube.com/embed/MsP05OfVP4c?cc_lang_pref=ko&cc_load_policy=1&autoplay=1
435,대퇴이두근 스트레칭2,유연성,맨몸,하체,어르신,https://www.youtube.com/embed/FcsQJK46SEo?cc_lang_pref=ko&cc_load_policy=1&autoplay=1
436,마주 앉아 대퇴이두근 스트레칭,유연성,맨몸,하체,어르신,https://www.youtube.com/embed/g_zKSHdm820?cc_lang_pref=ko&cc_load_policy=1&autoplay=1
437,등 대고 대퇴이두근 스트레칭,유연성,맨몸,하체,어르신,https://www.youtube.com/embed/aTB58RTHsNo?cc_lang_pref=ko&cc_load_policy=1&autoplay=1
438,대퇴사두근 스트레칭,유연성,맨몸,하체,어르신,https://www.youtube.com/embed/8-p2-_fIcn4?cc_lang_pref=ko&cc_load_policy=1&autoplay=1
439,몸통 비틀기,유연성,의자,몸통,어르신,https://www.youtube.com/embed/rsRM5ivIHCw?cc_lang_pref=ko&cc_load_policy=1&autoplay=1
440,엉덩이 스트레칭,유연성,맨몸,하체,어르신,https://www.youtube.com/embed/o8uK0ayln7M?cc_lang_pref=ko&cc_load_policy=1&autoplay=1
441,마주 앉아 대퇴이두근 스트레칭2,유연성,맨몸,하체,어르신,https://www.youtube.com/embed/lyu7eqffLm4?cc_lang_pref=ko&cc_load_policy=1&autoplay=1
442,종아리 스트레칭,유연성,맨몸,하체,어르신,https://www.youtube.com/embed/2SSjtjcLcU0?cc_lang_pref=ko&cc_load_policy=1&autoplay=1
443,몸통 비틀기,유연성,맨몸,몸통,어르신,https://www.youtube.com/embed/uOIgGoEbmX8?cc_lang_pref=ko&cc_load_policy=1&autoplay=1
444,엉덩이 스트레칭2,유연성,맨몸,몸통,어르신,https://www.youtube.com/embed/qSB321IIFSE?cc_lang_pref=ko&cc_load_policy=1&autoplay=1
445,어깨 스트레칭,유연성,맨몸,상체,어르신,https://www.youtube.com/embed/yC9FdKEaqCI?cc_lang_pref=ko&cc_load_policy=1&autoplay=1
446,골반 스트레칭,유연성,맨몸,몸통,어르신,https://www.youtube.com/embed/w-pVRkpS52A?cc_lang_pref=ko&cc_load_policy=1&autoplay=1
447,회전근개 스트레칭,유연성,맨몸,상체,어르신,https://www.youtube.com/embed/wFx4mclnF8w?cc_lang_pref=ko&cc_load_policy=1&autoplay=1
448,몸통 앞으로 굽혀 걷기,유연성,맨몸,전신,어르신,https://www.youtube.com/embed/rJ4D69MIZ5s?cc_lang_pref=ko&cc_load_policy=1&autoplay=1
449,어깨 양 옆으로 돌리기,유연성,맨몸,상체,어르신,https://www.youtube.com/embed/ABZyRvGniwc?cc_lang_pref=ko&cc_load_policy=1&autoplay=1
450,골반 스트레칭2,유연성,맨몸,몸통,어르신,https://www.youtube.com/embed/eBph0cuvMt8?cc_lang_pref=ko&cc_load_policy=1&autoplay=1
451,전신 틀어 손벽 마주치기,유연성,맨몸,몸통,어르신,https://www.youtube.com/embed/vqkEzHFrbMo?cc_lang_pref=ko&cc_load_policy=1&autoplay=1
452,가슴/어깨 스트레칭,유연성,맨몸,상체,어르신,https://www.youtube.com/embed/s-md_CpC284?cc_lang_pref=ko&cc_load_policy=1&autoplay=1
453,어깨 스트레칭,유연성,맨몸,상체,어르신,https://www.youtube.com/embed/3uH4pZ8fYuc?cc_lang_pref=ko&cc_load_policy=1&autoplay=1
454,회전근개 스트레칭2,유연성,맨몸,상체,어르신,https://www.youtube.com/embed/90_jERrA-yA?cc_lang_pref=ko&cc_load_policy=1&autoplay=1
455,몸통 비틀기,유연성,맨몸,몸통,어르신,https://www.youtube.com/embed/ohhSCl00CuM?cc_lang_pref=ko&cc_load_policy=1&autoplay=1
456,회전근개 스트레칭,유연성,맨몸,상체,어르신,https://www.youtube.com/embed/VbLuU5TvtQI?cc_lang_pref=ko&cc_load_policy=1&autoplay=1
457,엉덩이 스트레칭,유연성,맨몸,하체,어르신,https://www.youtube.com/embed/6_zf8p4suaA?cc_lang_pref=ko&cc_load_policy=1&autoplay=1
458,어깨 뒤쪽 스트레칭,유연성,맨몸,상체,어르신,https://www.youtube.com/embed/HY2Yu8DeasQ?cc_lang_pref=ko&cc_load_policy=1&autoplay=1
459,등/어깨 뒤쪽 스트레칭,유연성,맨몸,상체,어르신,https://www.youtube.com/embed/I67ezDR1w-I?cc_lang_pref=ko&cc_load_policy=1&autoplay=1
460,허리 스트레칭,유연성,맨몸,몸통,어르신,https://www.youtube.com/embed/LiA_jShjQoI?cc_lang_pref=ko&cc_load_policy=1&autoplay=1
461,넙다리 안쪽 스트레칭,유연성,맨몸,하체,어르신,https://www.youtube.com/embed/RrGoEv7vTdU?cc_lang_pref=ko&cc_load_policy=1&autoplay=1
462,엉덩이 스트레칭2,유연성,맨몸,하체,어르신,https://www.youtube.com/embed/N8UiqRJmyN4?cc_lang_pref=ko&cc_load_policy=1&autoplay=1
463,넙다리 앞쪽 스트레칭,유연성,맨몸,하체,어르신,https://www.youtube.com/embed/tWVTfDntPSs?cc_lang_pref=ko&cc_load_policy=1&autoplay=1
464,양팔 벌려 전신 비틀기,유연성,맨몸,전신,어르신,https://www.youtube.com/embed/0IF-QIMHrbk?cc_lang_pref=ko&cc_load_policy=1&autoplay=1
465,아래 팔 스트레칭,유연성,맨몸,상체,어르신,https://www.youtube.com/embed/IkNpF7jcl1s?cc_lang_pref=ko&cc_load_policy=1&autoplay=1
466,목 돌림 스트레칭,유연성,맨몸,상체,어르신,https://www.youtube.com/embed/kHVcsIjUSmg?cc_lang_pref=ko&cc_load_policy=1&autoplay=1
467,배 스트레칭,유연성,맨몸,몸통,어르신,https://www.youtube.com/embed/qVUay_sy5kQ?cc_lang_pref=ko&cc_load_policy=1&autoplay=1
468,옆구리 스트레칭,유연성,맨몸,몸통,어르신,https://www.youtube.com/embed/gafuejx2HFE?cc_lang_pref=ko&cc_load_policy=1&autoplay=1
469,깍지 끼고 상체 숙이기,유연성,맨몸,전신,어르신,https://www.youtube.com/embed/Qk_0TwY9A10?cc_lang_pref=ko&cc_load_policy=1&autoplay=1
470,누워서 전신 뻗기,유연성,맨몸,전신,어르신,https://www.youtube.com/embed/SuJKMztDB58?cc_lang_pref=ko&cc_load_policy=1&autoplay=1
471,목 스트레칭,유연성,맨몸,상체,어르신,https://www.youtube.com/embed/z2N8VCjEHdY?cc_lang_pref=ko&cc_load_policy=1&autoplay=1
472,앉아서 밴드 잡고 몸통 돌리기,근력/근지구력,밴드/의자,몸통,어르신,https://www.youtube.com/embed/7tiVw6DWkBQ?cc_lang_pref=ko&cc_load_policy=1&autoplay=1
473,밴드 잡고 몸통 옆으로 굽히기,근력/근지구력,밴드,몸통,어르신,https://www.youtube.com/embed/KZ3tw-ugPxk?cc_lang_pref=ko&cc_load_policy=1&autoplay=1
474,엎드려 양팔 및 다리 들어올리기,근력/근지구력,맨몸,몸통,어르신,https://www.youtube.com/embed/rqpgaGZBLY8?cc_lang_pref=ko&cc_load_policy=1&autoplay=1
475,의자에 앉아 등 굽혔다 펴기,근력/근지구력,의자,몸통,어르신,https://www.youtube.com/embed/5MkDh9r4XCM?cc_lang_pref=ko&cc_load_policy=1&autoplay=1
476,짐볼에서 몸통 돌리기,근력/근지구력,짐볼,몸통,어르신,https://www.youtube.com/embed/Fis2pZaavjc?cc_lang_pref=ko&cc_load_policy=1&autoplay=1
477,다리로 짐볼 들어올리기,근력/근지구력,짐볼,몸통,어르신,https://www.youtube.com/embed/QE4fQynaC0U?cc_lang_pref=ko&cc_load_policy=1&autoplay=1
478,짐볼에서 엉덩이 돌리기,근력/근지구력,짐볼,몸통,어르신,https://www.youtube.com/embed/kXVCJARVkug?cc_lang_pref=ko&cc_load_policy=1&autoplay=1
479,볼 위에 앉아 밴드 양옆으로 당기기,근력/근지구력,짐볼/밴드,상체,어르신,https://www.youtube.com/embed/bgeArMJLrnc?cc_lang_pref=ko&cc_load_policy=1&autoplay=1
480,짐볼에서 윗몸 일으키기,근력/근지구력,짐볼,몸통,어르신,https://www.youtube.com/embed/AydjXcvaQ6g?cc_lang_pref=ko&cc_load_policy=1&autoplay=1
481,벽에서 팔굽혀 펴기,근력/근지구력,맨몸,상체,어르신,https://www.youtube.com/embed/TPjapSPX1OA?cc_lang_pref=ko&cc_load_policy=1&autoplay=1
482,몸통 들어올리기,근력/근지구력,맨몸,몸통,어르신,https://www.youtube.com/embed/6D98FQf6SvI?cc_lang_pref=ko&cc_load_policy=1&autoplay=1
483,물통으로 양팔 들어올리기,근력/근지구력,물병,상체,어르신,https://www.youtube.com/embed/9WzgU3c44pI?cc_lang_pref=ko&cc_load_policy=1&autoplay=1
484,밴드 걸고 옆으로 누워 다리 올리기,근력/근지구력,밴드,하체,어르신,https://www.youtube.com/embed/DHvQ2FyT5po?cc_lang_pref=ko&cc_load_policy=1&autoplay=1
485,누워서 공 뒤로 내리고 당기기,근력/근지구력,공,상체,어르신,https://www.youtube.com/embed/5PYRaoM8h_E?cc_lang_pref=ko&cc_load_policy=1&autoplay=1
486,밴드 머리 뒤로 들어올리기,근력/근지구력,밴드,상체,어르신,https://www.youtube.com/embed/GdUGE03elJY?cc_lang_pref=ko&cc_load_policy=1&autoplay=1
487,플렉스 바 비틀기,근력/근지구력,맨몸,상체,어르신,https://www.youtube.com/embed/7aWbRpBiVTY?cc_lang_pref=ko&cc_load_policy=1&autoplay=1
488,엎드려 뒤로 다리 올리기,근력/근지구력,맨몸,하체,어르신,https://www.youtube.com/embed/tEdqt2AsqWY?cc_lang_pref=ko&cc_load_policy=1&autoplay=1
489,밴드 잡고 누워서 다리 밀기,근력/근지구력,밴드,하체,어르신,https://www.youtube.com/embed/Cyd5BFYIQuw?cc_lang_pref=ko&cc_load_policy=1&autoplay=1
490,짐볼 들고 양옆으로 돌리기,근력/근지구력,짐볼,몸통,어르신,https://www.youtube.com/embed/WVvEdPRGRno?cc_lang_pref=ko&cc_load_policy=1&autoplay=1
491,의자에 앉아 볼 돌리기,근력/근지구력,공,상체,어르신,https://www.youtube.com/embed/FUIPXT_VDd8?cc_lang_pref=ko&cc_load_policy=1&autoplay=1
492,의자 앉아 다리로 짐볼 쥐기,근력/근지구력,짐볼/의자,하체,어르신,https://www.youtube.com/embed/IaQZvEds57w?cc_lang_pref=ko&cc_load_policy=1&autoplay=1
493,물병 들고 한발 앞으로 내밀고 앉았다 일어서기,근력/근지구력,물병,전신,어르신,https://www.youtube.com/embed/OiXEJ29IVPU?cc_lang_pref=ko&cc_load_policy=1&autoplay=1
494,밴드 걸고 누워서 다리 들어올리기,근력/근지구력,밴드,하체,어르신,https://www.youtube.com/embed/316SknlYduw?cc_lang_pref=ko&cc_load_policy=1&autoplay=1
495,목봉잡고 앉았다 일어나기,근력/근지구력,목봉,하체,어르신,https://www.youtube.com/embed/SEYtFnrgXZw?cc_lang_pref=ko&cc_load_policy=1&autoplay=1
496,앉아서 덤벨로 손목 굽히기,근력/근지구력,프리웨이트,상체,어르신,https://www.youtube.com/embed/vYFddQ_OCDc?cc_lang_pref=ko&cc_load_policy=1&autoplay=1
497,서서 팔꿈치 펴기,근력/근지구력,웨이트기계,상체,어르신,https://www.youtube.com/embed/eMwnF_Bgjus?cc_lang_pref=ko&cc_load_policy=1&autoplay=1
498,밴드 걸고 엎드려서 다리 구부리기,근력/근지구력,밴드,하체,어르신,https://www.youtube.com/embed/WPP0xF_vFw4?cc_lang_pref=ko&cc_load_policy=1&autoplay=1
499,앉아서 어깨 위로 밀기,근력/근지구력,웨이트기계,상체,어르신,https://www.youtube.com/embed/6_FjRWgmeR4?cc_lang_pref=ko&cc_load_policy=1&autoplay=1
500,짐볼 이용해 앉았다 일어서기,근력/근지구력,짐볼,하체,어르신,https://www.youtube.com/embed/hThtJNqwDQY?cc_lang_pref=ko&cc_load_policy=1&autoplay=1
501,밴드 걸고 앉아서 발등 굽힘,근력/근지구력,밴드,하체,어르신,https://www.youtube.com/embed/66KdRFyt_O0?cc_lang_pref=ko&cc_load_policy=1&autoplay=1
502,앉아서 팔꿈치 굽히기,근력/근지구력,웨이트기계,상체,어르신,https://www.youtube.com/embed/-7sdmR3SmKU?cc_lang_pref=ko&cc_load_policy=1&autoplay=1
503,공 잡고 들어올리기,근력/근지구력,짐볼,하체,어르신,https://www.youtube.com/embed/C8_tRZdKZl8?cc_lang_pref=ko&cc_load_policy=1&autoplay=1
504,앉아서 가슴 모으기,근력/근지구력,웨이트기계,몸통,어르신,https://www.youtube.com/embed/ccF9pRFrq6c?cc_lang_pref=ko&cc_load_policy=1&autoplay=1
505,덤벨 잡고 뒤꿈치 들기,근력/근지구력,프리웨이트,하체,어르신,https://www.youtube.com/embed/CTWEDArC3dE?cc_lang_pref=ko&cc_load_policy=1&autoplay=1
506,엎드려서 다리 굽히기,근력/근지구력,웨이트기계,하체,어르신,https://www.youtube.com/embed/8SXoEOQu05c?cc_lang_pref=ko&cc_load_policy=1&autoplay=1
507,앉아서 다리 밀기,근력/근지구력,웨이트기계,하체,어르신,https://www.youtube.com/embed/ZMGfHidKvu4?cc_lang_pref=ko&cc_load_policy=1&autoplay=1
508,바벨 당겨 올리기,근력/근지구력,프리웨이트,상체,어르신,https://www.youtube.com/embed/Wmc_bSISkDs?cc_lang_pref=ko&cc_load_policy=1&autoplay=1
509,덤벨 잡고 한발 내밀어 굽혔다 펴기,근력/근지구력,프리웨이트,하체,어르신,https://www.youtube.com/embed/SOIv0oZ3mxM?cc_lang_pref=ko&cc_load_policy=1&autoplay=1
510,누워서 가슴 밀기,근력/근지구력,웨이트기계,몸통,어르신,https://www.youtube.com/embed/esoPmL2WS18?cc_lang_pref=ko&cc_load_policy=1&autoplay=1
511,몸통 들어올리기,근력/근지구력,웨이트기계,몸통,어르신,https://www.youtube.com/embed/eDXyNH3TitU?cc_lang_pref=ko&cc_load_policy=1&autoplay=1
512,앉아서 당겨 내리기,근력/근지구력,웨이트기계,상체,어르신,https://www.youtube.com/embed/z15f5etYoJw?cc_lang_pref=ko&cc_load_policy=1&autoplay=1
513,앉아서 뒤로 당기기,근력/근지구력,웨이트기계,상체,어르신,https://www.youtube.com/embed/SPEbUriOsx8?cc_lang_pref=ko&cc_load_policy=1&autoplay=1
514,서서 다리 모으고 벌리기,근력/근지구력,웨이트기계,하체,어르신,https://www.youtube.com/embed/oihh0qHSrRc?cc_lang_pref=ko&cc_load_policy=1&autoplay=1
515,덤벨 잡고 몸통 옆으로 굽히기,근력/근지구력,프리웨이트,몸통,어르신,https://www.youtube.com/embed/3K8ehD7nClM?cc_lang_pref=ko&cc_load_policy=1&autoplay=1
516,앉아서 몸통 움츠리기,근력/근지구력,웨이트기계,몸통,어르신,https://www.youtube.com/embed/qkm6BEdCpl0?cc_lang_pref=ko&cc_load_policy=1&autoplay=1
517,수영,심폐지구력,수중운동,전신,어르신,https://www.youtube.com/embed/qc-PQrTj_lI?cc_lang_pref=ko&cc_load_policy=1&autoplay=1
518,아쿠아로빅,심폐지구력,수중운동,전신,어르신,https://www.youtube.com/embed/8Xl7XN3wqrg?cc_lang_pref=ko&cc_load_policy=1&autoplay=1
519,덤벨 잡고 앉았다 일어서기,근력/근지구력,프리웨이트,하체,어르신,https://www.youtube.com/embed/aWEBPV54Wv8?cc_lang_pref=ko&cc_load_policy=1&autoplay=1
520,바벨 잡고 들어올리기,근력/근지구력,프리웨이트,하체,어르신,https://www.youtube.com/embed/E-riR4IkUJ4?cc_lang_pref=ko&cc_load_policy=1&autoplay=1
521,아쿠아로빅 운동 프로그램 루틴,심폐지구력,수중운동,전신,어르신,https://www.youtube.com/embed/8Xl7XN3wqrg?cc_lang_pref=ko&cc_load_policy=1&autoplay=1
522,앉아서 다리 펴기,근력/근지구력,웨이트기계,하체,어르신,https://www.youtube.com/embed/guCoRo-mPD0?cc_lang_pref=ko&cc_load_policy=1&autoplay=1
523,아쿠아로빅-발 닿기,심폐지구력,수중운동,전신,어르신,https://www.youtube.com/embed/8Xl7XN3wqrg?cc_lang_pref=ko&cc_load_policy=1&autoplay=1
524,아쿠아로빅-물당기기/밀기,심폐지구력,수중운동,몸통,어르신,https://www.youtube.com/embed/8Xl7XN3wqrg?cc_lang_pref=ko&cc_load_policy=1&autoplay=1
525,아쿠아로빅-옆구리 늘리기,심폐지구력,수중운동,몸통,어르신,https://www.youtube.com/embed/8Xl7XN3wqrg?cc_lang_pref=ko&cc_load_policy=1&autoplay=1
526,아쿠아로빅-몸 기울이기/회전하기,심폐지구력,수중운동,전신,어르신,https://www.youtube.com/embed/8Xl7XN3wqrg?cc_lang_pref=ko&cc_load_policy=1&autoplay=1
527,아쿠아로빅-엉덩관절 회전하기,심폐지구력,수중운동,몸통,어르신,https://www.youtube.com/embed/8Xl7XN3wqrg?cc_lang_pref=ko&cc_load_policy=1&autoplay=1
528,아쿠아로빅-물누르기/올리기,심폐지구력,수중운동,전신,어르신,https://www.youtube.com/embed/8Xl7XN3wqrg?cc_lang_pref=ko&cc_load_policy=1&autoplay=1
529,고정식 트레드밀에서 걷기,심폐지구력,웨이트기계,전신,어르신,https://www.youtube.com/embed/pxHT61DJAZ0?cc_lang_pref=ko&cc_load_policy=1&autoplay=1
530,스텝박스 오르내리기,심폐지구력,스텝박스,하체,어르신,https://www.youtube.com/embed/6N8nzHaCbZo?cc_lang_pref=ko&cc_load_policy=1&autoplay=1
531,고정식 자전거 타기,심폐지구력,웨이트기계,하체,어르신,https://www.youtube.com/embed/-_-EcCM1QJ4?cc_lang_pref=ko&cc_load_policy=1&autoplay=1
532,물속에서 걷기,심폐지구력,수중운동,하체,어르신,https://www.youtube.com/embed/8Xl7XN3wqrg?cc_lang_pref=ko&cc_load_policy=1&autoplay=1
533,스텝박스,심폐지구력,스텝박스,하체,어르신,https://www.youtube.com/embed/7DfNK7RzQ64?cc_lang_pref=ko&cc_load_policy=1&autoplay=1
534,밴드잡고 머리 위에서 팔꿈치 펴기,유연성,탄력밴드,상체,성인,https://www.youtube.com/embed/wjJQXgN1rv0?cc_lang_pref=ko&cc_load_policy=1&autoplay=1
535,탄력밴드 당기면서 팔 들어올리기,유연성,탄력밴드,상체,성인,https://www.youtube.com/embed/wX36AaqZk2Q?cc_lang_pref=ko&cc_load_policy=1&autoplay=1
536,수건 이용하여 장딴지 늘리기,유연성,수건,하체,성인,https://www.youtube.com/embed/MS6abB1jyaA?cc_lang_pref=ko&cc_load_policy=1&autoplay=1
537,수동적 관절가동범위 운동,유연성,맨몸,하체,성인,https://www.youtube.com/embed/3WXfwivRsLo?cc_lang_pref=ko&cc_load_policy=1&autoplay=1
538,등척성운동-바깥돌림,유연성,맨몸,상체,성인,https://www.youtube.com/embed/4kONchXmhkw?cc_lang_pref=ko&cc_load_policy=1&autoplay=1
539,등척성운동-벌림,유연성,맨몸,상체,성인,https://www.youtube.com/embed/NJ-BqsGzz70?cc_lang_pref=ko&cc_load_policy=1&autoplay=1
540,등척성운동-안쪽 돌림,유연성,맨몸,상체,성인,https://www.youtube.com/embed/fBrqvjaE0MI?cc_lang_pref=ko&cc_load_policy=1&autoplay=1
541,수건잡고 팔 들어올리기,유연성,수건,상체,성인,https://www.youtube.com/embed/s0cjJXHo858?cc_lang_pref=ko&cc_load_policy=1&autoplay=1
542,굽힘 밸런스운동-60~120도 사이,유연성,맨몸,상체,성인,https://www.youtube.com/embed/fsGHQlmMvLQ?cc_lang_pref=ko&cc_load_policy=1&autoplay=1
543,벌림 밸런스 운동-60~120도 사이,유연성,맨몸,상체,성인,https://www.youtube.com/embed/TW6saGvfsSY?cc_lang_pref=ko&cc_load_policy=1&autoplay=1
544,좌 우 회전(목 좌 우 회전),유연성,맨몸,상체,성인,https://www.youtube.com/embed/8SdxJVLw6RQ?cc_lang_pref=ko&cc_load_policy=1&autoplay=1
545,누워서 막대 잡고 팔 회전하기,유연성,막대,상체,성인,https://www.youtube.com/embed/et8m4Cd3R3I?cc_lang_pref=ko&cc_load_policy=1&autoplay=1
546,진자운동,유연성,맨몸,상체,성인,https://www.youtube.com/embed/JTD9aXZ7OGA?cc_lang_pref=ko&cc_load_policy=1&autoplay=1
547,막대 잡고 대각선으로 팔 들어올리기,유연성,막대,상체,성인,https://www.youtube.com/embed/4u6000UgwMg?cc_lang_pref=ko&cc_load_policy=1&autoplay=1
548,옆으로 누워서팔 앞으로 당기기,유연성,맨몸,상체,성인,https://www.youtube.com/embed/hSyVphHI_9I?cc_lang_pref=ko&cc_load_policy=1&autoplay=1
549,테이블 이용하여 팔 들어 올리기,유연성,테이블,상체,성인,https://www.youtube.com/embed/v3w7sh-wZlM?cc_lang_pref=ko&cc_load_policy=1&autoplay=1
550,누워서 막대 잡고 팔 들어올리기,유연성,막대,상체,성인,https://www.youtube.com/embed/ynRzifM8NK8?cc_lang_pref=ko&cc_load_policy=1&autoplay=1
551,테이블 이용하여 팔 옆으로 벌리기,유연성,테이블,상체,성인,https://www.youtube.com/embed/mk-TUe_AtXs?cc_lang_pref=ko&cc_load_policy=1&autoplay=1
552,막대 잡고 팔 안쪽/바깥 돌림,유연성,막대,상체,성인,https://www.youtube.com/embed/O4KFwgStU6s?cc_lang_pref=ko&cc_load_policy=1&autoplay=1
553,전신 루틴 스트레칭,유연성,맨몸,전신,성인,https://www.youtube.com/embed/xzCoOyOTgpc?cc_lang_pref=ko&cc_load_policy=1&autoplay=1
554,유산소 운동 전 동적 루틴 스트레칭,유연성,맨몸,전신,성인,https://www.youtube.com/embed/ul0Vbv7uiHE?cc_lang_pref=ko&cc_load_policy=1&autoplay=1
555,자가근막이완술 루틴 스트레칭,유연성,맨몸,전신,성인,https://www.youtube.com/embed/RyocWLWoRP0?cc_lang_pref=ko&cc_load_policy=1&autoplay=1
556,좌식생활자를 위한 동적 루틴 스트레칭,유연성,맨몸,전신,성인,https://www.youtube.com/embed/JQUBQizjfj0?cc_lang_pref=ko&cc_load_policy=1&autoplay=1
557,작은 공을 이용한 동적 루틴 스트레칭,유연성,공,전신,성인,https://www.youtube.com/embed/2oE97tmKR7k?cc_lang_pref=ko&cc_load_policy=1&autoplay=1
558,짐볼을 이용한 동적 루틴 스트레칭,유연성,짐볼,전신,성인,https://www.youtube.com/embed/8UpZdbYtgms?cc_lang_pref=ko&cc_load_policy=1&autoplay=1
559,팔굽혀펴기(무릎대고 실시),평형성,맨몸,상체,성인,https://www.youtube.com/embed/iVRVXcNL2TQ?cc_lang_pref=ko&cc_load_policy=1&autoplay=1
560,빠르게 걷기,평형성,맨몸,전신,성인,https://www.youtube.com/embed/RkJH4aV6q6Y?cc_lang_pref=ko&cc_load_policy=1&autoplay=1
561,물속에서 걷기,평형성,수중운동,전신,성인,https://www.youtube.com/embed/dmyqqCudVvI?cc_lang_pref=ko&cc_load_policy=1&autoplay=1
562,좌 우 굴곡(목 좌 우 굴곡),유연성,맨몸,상체,성인,https://www.youtube.com/embed/_9cZzYhgJ68?cc_lang_pref=ko&cc_load_policy=1&autoplay=1
563,공에 엎드려서 상체 들어올리기,유연성,짐볼,몸통,성인,https://www.youtube.com/embed/rT38gkGxYY8?cc_lang_pref=ko&cc_load_policy=1&autoplay=1
564,앞 뒤 굴곡(목 앞 뒤 굴곡),유연성,맨몸,상체,성인,https://www.youtube.com/embed/tImltvXdSCM?cc_lang_pref=ko&cc_load_policy=1&autoplay=1
565,상지 루틴 스트레칭,유연성,맨몸,상체,성인,https://www.youtube.com/embed/6TWvzumskts?cc_lang_pref=ko&cc_load_policy=1&autoplay=1
566,하지 루틴 스트레칭1,유연성,맨몸,하체,성인,https://www.youtube.com/embed/YsUMvs_yCOU?cc_lang_pref=ko&cc_load_policy=1&autoplay=1
567,하지 루틴 스트레칭2,유연성,맨몸,하체,성인,https://www.youtube.com/embed/aS-BWKK2izs?cc_lang_pref=ko&cc_load_policy=1&autoplay=1
568,허리 스트레칭,유연성,맨몸,몸통,성인,https://www.youtube.com/embed/19jXlYi7Mio?cc_lang_pref=ko&cc_load_policy=1&autoplay=1
569,넙다리 뒤쪽 스트레칭,유연성,맨몸,하체,성인,https://www.youtube.com/embed/ostPgJJAAoE?cc_lang_pref=ko&cc_load_policy=1&autoplay=1
570,엉덩이 스트레칭,유연성,맨몸,하체,성인,https://www.youtube.com/embed/UtSQHEh-4Kg?cc_lang_pref=ko&cc_load_policy=1&autoplay=1
571,배스트레칭,유연성,맨몸,몸통,성인,https://www.youtube.com/embed/daU2osrrHRk?cc_lang_pref=ko&cc_load_policy=1&autoplay=1
572,넙다리 안쪽 스트레칭,유연성,맨몸,하체,성인,https://www.youtube.com/embed/AX0FSMU34EE?cc_lang_pref=ko&cc_load_policy=1&autoplay=1
573,넙다리 앞쪽 스트레칭,유연성,맨몸,하체,성인,https://www.youtube.com/embed/U13sBcbOsl4?cc_lang_pref=ko&cc_load_policy=1&autoplay=1
574,옆구리 스트레칭,유연성,맨몸,몸통,성인,https://www.youtube.com/embed/1KXZCl1e5gY?cc_lang_pref=ko&cc_load_policy=1&autoplay=1
575,가슴/어깨 앞쪽 스트레칭,유연성,맨몸,상체,성인,https://www.youtube.com/embed/cbV7XSVBM2w?cc_lang_pref=ko&cc_load_policy=1&autoplay=1
576,아래 팔 스트레칭,유연성,맨몸,상체,성인,https://www.youtube.com/embed/fU0N9YdBFxI?cc_lang_pref=ko&cc_load_policy=1&autoplay=1
577,버피운동,민첩성/순발력,맨몸,전신,성인,https://www.youtube.com/embed/Xp2UdgJ93_Q?cc_lang_pref=ko&cc_load_policy=1&autoplay=1
578,목 스트레칭,유연성,맨몸,상체,성인,https://www.youtube.com/embed/d1tYcRykLPk?cc_lang_pref=ko&cc_load_policy=1&autoplay=1
579,등/어깨 뒤쪽 스트레칭,유연성,맨몸,상체,성인,https://www.youtube.com/embed/tmZ87GjdId4?cc_lang_pref=ko&cc_load_policy=1&autoplay=1
580,팔벌려뛰기,민첩성/순발력,맨몸,전신,성인,https://www.youtube.com/embed/weBc5JQ__50?cc_lang_pref=ko&cc_load_policy=1&autoplay=1
581,사다리 안팎 뛰기,민첩성/순발력,사다리,하체,성인,https://www.youtube.com/embed/_E5mVxEgp40?cc_lang_pref=ko&cc_load_policy=1&autoplay=1
582,사다리 옆으로 발 옮기기,민첩성/순발력,사다리,하체,성인,https://www.youtube.com/embed/N7IBjoT4oGo?cc_lang_pref=ko&cc_load_policy=1&autoplay=1
583,뛰어 내렸다가 바로 점프하기,민첩성/순발력,스텝퍼,하체,성인,https://www.youtube.com/embed/_hXusZ9PiwU?cc_lang_pref=ko&cc_load_policy=1&autoplay=1
584,계단 두발 뛰기,민첩성/순발력,맨몸,하체,성인,https://www.youtube.com/embed/YyN02xfSe2g?cc_lang_pref=ko&cc_load_policy=1&autoplay=1
585,점프 팔굽혀펴기,민첩성/순발력,맨몸,몸통,성인,https://www.youtube.com/embed/e5gXZ2Ks9Jo?cc_lang_pref=ko&cc_load_policy=1&autoplay=1
586,계단 두 칸씩 뛰기,민첩성/순발력,맨몸,하체,성인,https://www.youtube.com/embed/7nBsd3WpMxA?cc_lang_pref=ko&cc_load_policy=1&autoplay=1
587,계단 한발 뛰기,민첩성/순발력,맨몸,하체,성인,https://www.youtube.com/embed/gArG4NiOM28?cc_lang_pref=ko&cc_load_policy=1&autoplay=1
588,사다리 좌우 뛰기,민첩성/순발력,사다리,하체,성인,https://www.youtube.com/embed/q6coj8e6Tn8?cc_lang_pref=ko&cc_load_policy=1&autoplay=1
589,무릎 높여 제자리 달리기,민첩성/순발력,맨몸,하체,성인,https://www.youtube.com/embed/VZx4Ynp2aT0?cc_lang_pref=ko&cc_load_policy=1&autoplay=1
590,팔꿈치 굽히기,근력/근지구력,물병,상체,성인,https://www.youtube.com/embed/-CbeQjvGgoc?cc_lang_pref=ko&cc_load_policy=1&autoplay=1
591,앉았다 일어서면서 점프하기,민첩성/순발력,맨몸,하체,성인,https://www.youtube.com/embed/uXanhxl2GM8?cc_lang_pref=ko&cc_load_policy=1&autoplay=1
592,스텝퍼 뛰어서 오르내리기,민첩성/순발력,스텝퍼,하체,성인,https://www.youtube.com/embed/3FXFmlzSxJc?cc_lang_pref=ko&cc_load_policy=1&autoplay=1
593,스텝퍼 옆으로 뛰어넘기,민첩성/순발력,스텝퍼,하체,성인,https://www.youtube.com/embed/9IxU2l5vhl0?cc_lang_pref=ko&cc_load_policy=1&autoplay=1
594,스텝퍼 오르내리기,민첩성/순발력,스텝퍼,하체,성인,https://www.youtube.com/embed/OTdX4busMSA?cc_lang_pref=ko&cc_load_policy=1&autoplay=1
595,옆으로 펀치하기,민첩성/순발력,맨몸,전신,성인,https://www.youtube.com/embed/1fA4qBGyqhM?cc_lang_pref=ko&cc_load_policy=1&autoplay=1
596,스텝퍼 올라가서 점프하여 착지하기,민첩성/순발력,스텝퍼,하체,성인,https://www.youtube.com/embed/J4V_WPXUcO0?cc_lang_pref=ko&cc_load_policy=1&autoplay=1
597,스텝퍼 뛰어서 넘어가기,민첩성/순발력,스텝퍼,하체,성인,https://www.youtube.com/embed/tC7mFPhS36k?cc_lang_pref=ko&cc_load_policy=1&autoplay=1
598,목 굽힘/ 폄 III,근력/근지구력,맨몸,상체,성인,https://www.youtube.com/embed/8JLwdknLw6E?cc_lang_pref=ko&cc_load_policy=1&autoplay=1
599,목 굽힘/ 폄 I,근력/근지구력,맨몸,상체,성인,https://www.youtube.com/embed/g7SxlexJM58?cc_lang_pref=ko&cc_load_policy=1&autoplay=1
600,목 굽힘/ 폄 II,근력/근지구력,맨몸,상체,성인,https://www.youtube.com/embed/-i-vAvNtWBw?cc_lang_pref=ko&cc_load_policy=1&autoplay=1
601,팔굽혀펴기,근력/근지구력,맨몸,몸통,성인,https://www.youtube.com/embed/sMg6GG14m10?cc_lang_pref=ko&cc_load_policy=1&autoplay=1
602,뒤로 팔굽혀펴기,근력/근지구력,맨몸,상체,성인,https://www.youtube.com/embed/w92fPHQpb0k?cc_lang_pref=ko&cc_load_policy=1&autoplay=1
603,엎드려서 팔 다리 들기,근력/근지구력,맨몸,몸통,성인,https://www.youtube.com/embed/w5RHn8mWUXM?cc_lang_pref=ko&cc_load_policy=1&autoplay=1
604,물병 옆으로 들어올리기,근력/근지구력,물병,상체,성인,https://www.youtube.com/embed/m37laE5fbKI?cc_lang_pref=ko&cc_load_policy=1&autoplay=1
605,허리 굽혀 팔 뒤로 들기,근력/근지구력,물병,상체,성인,https://www.youtube.com/embed/A97Y_T0dAtA?cc_lang_pref=ko&cc_load_policy=1&autoplay=1
606,네발기기 자세에서 다리 위로 뻗어올리기,근력/근지구력,맨몸,하체,성인,https://www.youtube.com/embed/Q_OLBsyY520?cc_lang_pref=ko&cc_load_policy=1&autoplay=1
607,네발기기 자세에서 손바닥으로 바닥밀기,근력/근지구력,맨몸,상체,성인,https://www.youtube.com/embed/S6tAqxd4QX0?cc_lang_pref=ko&cc_load_policy=1&autoplay=1
608,탄력밴드 어깨 가쪽 돌림,근력/근지구력,탄력밴드,상체,성인,https://www.youtube.com/embed/usSmz_7Txyo?cc_lang_pref=ko&cc_load_policy=1&autoplay=1
609,서서 탄력밴드 당겨내리기/올리기,근력/근지구력,탄력밴드,상체,성인,https://www.youtube.com/embed/SCV_xa2A20c?cc_lang_pref=ko&cc_load_policy=1&autoplay=1
610,짐볼에 다리 올리고 좌우로 움직이기,근력/근지구력,짐볼,몸통,성인,https://www.youtube.com/embed/lIBPmJM-0sQ?cc_lang_pref=ko&cc_load_policy=1&autoplay=1
611,짐볼에 엎드려서 몸통 젖히기,근력/근지구력,짐볼,몸통,성인,https://www.youtube.com/embed/YJ7f2VhN2kU?cc_lang_pref=ko&cc_load_policy=1&autoplay=1
612,짐볼에 엎드려서 팔 다리 들기,근력/근지구력,짐볼,몸통,성인,https://www.youtube.com/embed/FzxWC-OzyTw?cc_lang_pref=ko&cc_load_policy=1&autoplay=1
613,엎드려 버티기,근력/근지구력,맨몸,몸통,성인,https://www.youtube.com/embed/wCUWN9pYWHs?cc_lang_pref=ko&cc_load_policy=1&autoplay=1
614,누워서 엉덩이 들어올리기,근력/근지구력,맨몸,몸통,성인,https://www.youtube.com/embed/DeKWQmqn5gs?cc_lang_pref=ko&cc_load_policy=1&autoplay=1
615,누워서 다리 들어올리기,근력/근지구력,맨몸,몸통,성인,https://www.youtube.com/embed/-LLOH8DA8no?cc_lang_pref=ko&cc_load_policy=1&autoplay=1
616,옆으로 누워 버티기,근력/근지구력,맨몸,몸통,성인,https://www.youtube.com/embed/GZjyIs72fHY?cc_lang_pref=ko&cc_load_policy=1&autoplay=1
617,네발기기 자세로 팔 다리 들기,근력/근지구력,맨몸,하체,성인,https://www.youtube.com/embed/N6Zvq4CiQhU?cc_lang_pref=ko&cc_load_policy=1&autoplay=1
618,소파를 이용한 윗몸올리기,근력/근지구력,맨몸,몸통,성인,https://www.youtube.com/embed/4oEQWLBxA0Y?cc_lang_pref=ko&cc_load_policy=1&autoplay=1
619,누워서 팔 다리 동시에 들어올리기,근력/근지구력,맨몸,몸통,성인,https://www.youtube.com/embed/Az8Qi3u0oto?cc_lang_pref=ko&cc_load_policy=1&autoplay=1
620,누워서 하늘 자전거,근력/근지구력,맨몸,몸통,성인,https://www.youtube.com/embed/hCeAkSRq_Z0?cc_lang_pref=ko&cc_load_policy=1&autoplay=1
621,누워서 다리 좌우로 움직이기,근력/근지구력,공,몸통,성인,https://www.youtube.com/embed/xLXh4HBHMzY?cc_lang_pref=ko&cc_load_policy=1&autoplay=1
622,누워서 수직으로 다리 들어올리기,근력/근지구력,맨몸,몸통,성인,https://www.youtube.com/embed/1tIDymPF7Yg?cc_lang_pref=ko&cc_load_policy=1&autoplay=1
623,짐볼에 다리 올리고 엉덩이 들어올리기,근력/근지구력,짐볼,몸통,성인,https://www.youtube.com/embed/oFQPeLxtosM?cc_lang_pref=ko&cc_load_policy=1&autoplay=1
624,누워서 공들고 몸 기울이기,근력/근지구력,공,몸통,성인,https://www.youtube.com/embed/7aM-l7WPC-8?cc_lang_pref=ko&cc_load_policy=1&autoplay=1
625,윗몸올리기,근력/근지구력,맨몸,몸통,성인,https://www.youtube.com/embed/WHwrbWu3_U4?cc_lang_pref=ko&cc_load_policy=1&autoplay=1
626,서서 뒤꿈치 들기,근력/근지구력,맨몸,하체,성인,https://www.youtube.com/embed/PYYWmiTnsVM?cc_lang_pref=ko&cc_load_policy=1&autoplay=1
627,서서 다리 뒤로 차기,근력/근지구력,의자,하체,성인,https://www.youtube.com/embed/p0VzcuNRPrg?cc_lang_pref=ko&cc_load_policy=1&autoplay=1
628,의자에 앉아 다리 뻗어 올리기,근력/근지구력,의자,하체,성인,https://www.youtube.com/embed/Zktyx-jr63Q?cc_lang_pref=ko&cc_load_policy=1&autoplay=1
629,짐볼 윗몸올리기,근력/근지구력,짐볼,몸통,성인,https://www.youtube.com/embed/S3tRws2NRbk?cc_lang_pref=ko&cc_load_policy=1&autoplay=1
630,누워서 배가로근 수축 II,근력/근지구력,맨몸,몸통,성인,https://www.youtube.com/embed/JoJOvbHDFqI?cc_lang_pref=ko&cc_load_policy=1&autoplay=1
631,서서 다리로 탄력밴드 당기기 II,근력/근지구력,탄력밴드,하체,성인,https://www.youtube.com/embed/rWS5lG2v3Pk?cc_lang_pref=ko&cc_load_policy=1&autoplay=1
632,누워서 배가로근 수축 I,근력/근지구력,맨몸,몸통,성인,https://www.youtube.com/embed/3nB0CYfN3Dk?cc_lang_pref=ko&cc_load_policy=1&autoplay=1
633,서서 다리로 탄력밴드 당기기 I,근력/근지구력,탄력밴드,하체,성인,https://www.youtube.com/embed/IueiGEGnfho?cc_lang_pref=ko&cc_load_policy=1&autoplay=1
634,앉아서 엉덩관절 굽히기,근력/근지구력,의자,하체,성인,https://www.youtube.com/embed/6mUrXxx2lKs?cc_lang_pref=ko&cc_load_policy=1&autoplay=1
635,한발 서서 균형잡기,근력/근지구력,맨몸,하체,성인,https://www.youtube.com/embed/V6EbDxajDdQ?cc_lang_pref=ko&cc_load_policy=1&autoplay=1
636,발등굽힘/발바닥굽힘,근력/근지구력,맨몸,하체,성인,https://www.youtube.com/embed/qxftJYWBzag?cc_lang_pref=ko&cc_load_policy=1&autoplay=1
637,앉았다 일어서기,근력/근지구력,맨몸,하체,성인,https://www.youtube.com/embed/3ndW3_is8_o?cc_lang_pref=ko&cc_load_policy=1&autoplay=1
638,한발 앞으로 내밀고 앉았다 일어서기,근력/근지구력,맨몸,하체,성인,https://www.youtube.com/embed/szyKFpBZ1_4?cc_lang_pref=ko&cc_load_policy=1&autoplay=1
639,서서 상체 일으키기,근력/근지구력,물병,몸통,성인,https://www.youtube.com/embed/QXbUTYL5Fy4?cc_lang_pref=ko&cc_load_policy=1&autoplay=1
640,윗몸 말아 올리기,근력/근지구력,보슈볼,몸통,성인,https://www.youtube.com/embed/nyks6HqG8G4?cc_lang_pref=ko&cc_load_policy=1&autoplay=1
641,의자 앞에서 앉았다 일어서기,근력/근지구력,의자,하체,성인,https://www.youtube.com/embed/hWMUixdVoLY?cc_lang_pref=ko&cc_load_policy=1&autoplay=1
642,의자에 한 다리 올리고 앉앗다 일어서기,근력/근지구력,의자,하체,성인,https://www.youtube.com/embed/4TVSE3Y50Eo?cc_lang_pref=ko&cc_load_policy=1&autoplay=1
643,서서 균형잡기,근력/근지구력,보슈볼,하체,성인,https://www.youtube.com/embed/Oxf4FC1VgH0?cc_lang_pref=ko&cc_load_policy=1&autoplay=1
644,앉아서 팔꿈치 굽히기/펴기,근력/근지구력,보슈볼,상체,성인,https://www.youtube.com/embed/kkZgMGrxVD0?cc_lang_pref=ko&cc_load_policy=1&autoplay=1
645,서서 균형잡으며 몸통 회전하기,근력/근지구력,보슈볼,전신,성인,https://www.youtube.com/embed/TJJyNJj0GGg?cc_lang_pref=ko&cc_load_policy=1&autoplay=1
646,엎드려서 다리 차올리기,근력/근지구력,보슈볼,하체,성인,https://www.youtube.com/embed/wdw3QthW8-k?cc_lang_pref=ko&cc_load_policy=1&autoplay=1
647,엎드려서 균형잡기,근력/근지구력,보슈볼,몸통,성인,https://www.youtube.com/embed/oG2gE1obDCk?cc_lang_pref=ko&cc_load_policy=1&autoplay=1
648,짝 운동,근력/근지구력,보슈볼,전신,성인,https://www.youtube.com/embed/vheV4zZv7cE?cc_lang_pref=ko&cc_load_policy=1&autoplay=1
649,손목 펴기/굽히기,근력/근지구력,프리웨이트,상체,성인,https://www.youtube.com/embed/8N8x2HdkA1o?cc_lang_pref=ko&cc_load_policy=1&autoplay=1
650,덤벨 옆으로 들어올리기,근력/근지구력,프리웨이트,상체,성인,https://www.youtube.com/embed/th5xriIn3Y0?cc_lang_pref=ko&cc_load_policy=1&autoplay=1
651,서서 바벨 위로 밀기,근력/근지구력,프리웨이트,상체,성인,https://www.youtube.com/embed/DCLneItyEVY?cc_lang_pref=ko&cc_load_policy=1&autoplay=1
652,바벨 들어 팔꿈치 굽히기,근력/근지구력,프리웨이트,상체,성인,https://www.youtube.com/embed/38Ut4YtRKbo?cc_lang_pref=ko&cc_load_policy=1&autoplay=1
653,누워서 덤벨 들어올리기,근력/근지구력,프리웨이트,몸통,성인,https://www.youtube.com/embed/ScZjYBhtk6U?cc_lang_pref=ko&cc_load_policy=1&autoplay=1
654,몸통 옆으로 굽히기,근력/근지구력,프리웨이트,몸통,성인,https://www.youtube.com/embed/h5Kb0S5AQO4?cc_lang_pref=ko&cc_load_policy=1&autoplay=1
655,고정한 상태에서 덤벨 들고 팔꿈치 굽히기,근력/근지구력,프리웨이트,상체,성인,https://www.youtube.com/embed/K1oEs5M26-o?cc_lang_pref=ko&cc_load_policy=1&autoplay=1
656,매달려서 다리 들기,근력/근지구력,프리웨이트,몸통,성인,https://www.youtube.com/embed/WL9dK4MvsvE?cc_lang_pref=ko&cc_load_policy=1&autoplay=1
657,누워서 머리 위로 팔꿈치 펴기,근력/근지구력,프리웨이트,상체,성인,https://www.youtube.com/embed/Yaw6AkHdkJQ?cc_lang_pref=ko&cc_load_policy=1&autoplay=1
658,허리 굽혀 덤벨 뒤로 들기,근력/근지구력,프리웨이트,상체,성인,https://www.youtube.com/embed/TcTUoUf-LgY?cc_lang_pref=ko&cc_load_policy=1&autoplay=1
659,매달려서 뒤로 팔굽혀 펴기,근력/근지구력,프리웨이트,몸통,성인,https://www.youtube.com/embed/v3psx2_ZLVU?cc_lang_pref=ko&cc_load_policy=1&autoplay=1
660,누워서 덤벨 모아들기,근력/근지구력,프리웨이트,몸통,성인,https://www.youtube.com/embed/0AN2tbTg4vo?cc_lang_pref=ko&cc_load_policy=1&autoplay=1
661,앉았다 일어서기,근력/근지구력,프리웨이트,하체,성인,https://www.youtube.com/embed/rSuLNT9nJbo?cc_lang_pref=ko&cc_load_policy=1&autoplay=1
662,턱걸이,근력/근지구력,프리웨이트,상체,성인,https://www.youtube.com/embed/wQcyTdAe3y0?cc_lang_pref=ko&cc_load_policy=1&autoplay=1
663,한발 앞으로 내밀고 앉았다 일어서기,근력/근지구력,프리웨이트,하체,성인,https://www.youtube.com/embed/OqzhjfrZ9_g?cc_lang_pref=ko&cc_load_policy=1&autoplay=1
664,바벨들어올리기,근력/근지구력,프리웨이트,몸통,성인,https://www.youtube.com/embed/qNo9jsmkfEM?cc_lang_pref=ko&cc_load_policy=1&autoplay=1
665,바벨 끌어당기기,근력/근지구력,프리웨이트,상체,성인,https://www.youtube.com/embed/KVwdvNg-pnA?cc_lang_pref=ko&cc_load_policy=1&autoplay=1
666,앉아서 위로 밀기,근력/근지구력,웨이트기계,상체,성인,https://www.youtube.com/embed/tVuFEWtCV9w?cc_lang_pref=ko&cc_load_policy=1&autoplay=1
667,원판던지기,근력/근지구력,프리웨이트,전신,성인,https://www.youtube.com/embed/bcL29G6p0hs?cc_lang_pref=ko&cc_load_policy=1&autoplay=1
668,허리 굽혀 덤벨 들기,근력/근지구력,프리웨이트,상체,성인,https://www.youtube.com/embed/eO-ItPOiCeI?cc_lang_pref=ko&cc_load_policy=1&autoplay=1
669,파워클린,근력/근지구력,프리웨이트,전신,성인,https://www.youtube.com/embed/InaFNrtFCNc?cc_lang_pref=ko&cc_load_policy=1&autoplay=1
670,앉아서 모으기,근력/근지구력,웨이트기계,몸통,성인,https://www.youtube.com/embed/1FokjPxj4jI?cc_lang_pref=ko&cc_load_policy=1&autoplay=1
671,서서 어깨  들어올리기,근력/근지구력,프리웨이트,상체,성인,https://www.youtube.com/embed/4FyWk6oPGDc?cc_lang_pref=ko&cc_load_policy=1&autoplay=1
672,거꾸로 누워서 밀기,근력/근지구력,웨이트기계,몸통,성인,https://www.youtube.com/embed/O0Z4Nj6Kr5A?cc_lang_pref=ko&cc_load_policy=1&autoplay=1
673,앉아서 당겨 내리기,근력/근지구력,웨이트기계,상체,성인,https://www.youtube.com/embed/i6xX-W_HD9M?cc_lang_pref=ko&cc_load_policy=1&autoplay=1
674,앉아서 다리 펴기,근력/근지구력,웨이트기계,하체,성인,https://www.youtube.com/embed/wXuoCjq_WAE?cc_lang_pref=ko&cc_load_policy=1&autoplay=1
675,뒤꿈치 들기,근력/근지구력,웨이트기계,하체,성인,https://www.youtube.com/embed/pA6w1qnxR14?cc_lang_pref=ko&cc_load_policy=1&autoplay=1
676,앉아서 밀기,근력/근지구력,웨이트기계,몸통,성인,https://www.youtube.com/embed/FBLREvkXKDY?cc_lang_pref=ko&cc_load_policy=1&autoplay=1
677,앉아서 뒤로 당기기,근력/근지구력,웨이트기계,상체,성인,https://www.youtube.com/embed/gVhkCsNAshc?cc_lang_pref=ko&cc_load_policy=1&autoplay=1
678,앉아서 다리 굽히기,근력/근지구력,웨이트기계,하체,성인,https://www.youtube.com/embed/6qdT91iNBBY?cc_lang_pref=ko&cc_load_policy=1&autoplay=1
679,누워서 밀기,근력/근지구력,웨이트기계,몸통,성인,https://www.youtube.com/embed/QQuGZDIIuvg?cc_lang_pref=ko&cc_load_policy=1&autoplay=1
680,몸통 들어올리기,근력/근지구력,웨이트기계,몸통,성인,https://www.youtube.com/embed/B5eDTUNYhAo?cc_lang_pref=ko&cc_load_policy=1&autoplay=1
681,앉아서 다리 모으기,근력/근지구력,웨이트기계,하체,성인,https://www.youtube.com/embed/8ko-6CfE2G0?cc_lang_pref=ko&cc_load_policy=1&autoplay=1
682,앉아서 다리 벌리기,근력/근지구력,웨이트기계,하체,성인,https://www.youtube.com/embed/LE7Zuw35yc4?cc_lang_pref=ko&cc_load_policy=1&autoplay=1
683,앉아서 몸통 움츠리기,근력/근지구력,웨이트기계,몸통,성인,https://www.youtube.com/embed/lFDYUpTVHBM?cc_lang_pref=ko&cc_load_policy=1&autoplay=1
684,비스듬히 누워서 밀기,근력/근지구력,웨이트기계,몸통,성인,https://www.youtube.com/embed/k-17tim06L4?cc_lang_pref=ko&cc_load_policy=1&autoplay=1
685,계단 올라갔다 내려오기,심폐지구력,맨몸,하체,성인,https://www.youtube.com/embed/57-nxXG0U8I?cc_lang_pref=ko&cc_load_policy=1&autoplay=1
686,트레드밀에서 걷기,심폐지구력,자전거,하체,성인,https://www.youtube.com/embed/50UOtjMsGIs?cc_lang_pref=ko&cc_load_policy=1&autoplay=1
687,줄넘기,심폐지구력,줄넘기,하체,성인,https://www.youtube.com/embed/7SPFH6HcK-g?cc_lang_pref=ko&cc_load_policy=1&autoplay=1
688,수영,심폐지구력,수중운동,전신,성인,https://www.youtube.com/embed/Q9wCecncxAI?cc_lang_pref=ko&cc_load_policy=1&autoplay=1
689,앉아서 다리 밀기,근력/근지구력,웨이트기계,하체,성인,https://www.youtube.com/embed/S6jlISZMmAs?cc_lang_pref=ko&cc_load_policy=1&autoplay=1
690,계단 뛰어 오르기,심폐지구력,수중운동,하체,성인,https://www.youtube.com/embed/U-x4nDdbz_g?cc_lang_pref=ko&cc_load_policy=1&autoplay=1
691,옆구리늘리기,심폐지구력,수중운동,몸통,성인,https://www.youtube.com/embed/HELfvVOZciQ?cc_lang_pref=ko&cc_load_policy=1&autoplay=1
692,물누르기/올리기,심폐지구력,수중운동,상체,성인,https://www.youtube.com/embed/ct7jokeWhbE?cc_lang_pref=ko&cc_load_policy=1&autoplay=1
693,발 닿기,심폐지구력,수중운동,전신,성인,https://www.youtube.com/embed/D_yiI1aUToc?cc_lang_pref=ko&cc_load_policy=1&autoplay=1
694,몸 기울이기/회전하기,심폐지구력,수중운동,전신,성인,https://www.youtube.com/embed/z5b5iA0Ls00?cc_lang_pref=ko&cc_load_policy=1&autoplay=1
695,엉덩관절 회전하기,심폐지구력,수중운동,몸통,성인,https://www.youtube.com/embed/xClbF2_h8ZA?cc_lang_pref=ko&cc_load_policy=1&autoplay=1
696,물당기기/밀기,심폐지구력,수중운동,몸통,성인,https://www.youtube.com/embed/oCrEf7n419g?cc_lang_pref=ko&cc_load_policy=1&autoplay=1
697,달리기,심폐지구력,맨몸,전신,성인,https://www.youtube.com/embed/fmtLoxbuflw?cc_lang_pref=ko&cc_load_policy=1&autoplay=1
698,실내 자전거타기,심폐지구력,자전거,하체,성인,https://www.youtube.com/embed/7q4Qz15toLo?cc_lang_pref=ko&cc_load_policy=1&autoplay=1
699,걷기,심폐지구력,맨몸,하체,성인,https://www.youtube.com/embed/PtvDeH7B--k?cc_lang_pref=ko&cc_load_policy=1&autoplay=1
700,실외 자전거타기,심폐지구력,자전거,하체,성인,https://www.youtube.com/embed/o9w8lVE5lWs?cc_lang_pref=ko&cc_load_policy=1&autoplay=1
